UF,População,isoweek,corredor baixo,corredor mediano,corredor alto
Rondônia,1768204,1,0.0,0.0,0.0
Rondônia,1768204,2,0.0,0.0,0.0
Rondônia,1768204,3,0.0,0.1696636813399359,0.1696636813399359
Rondônia,1768204,4,0.0,0.05655456044664529,0.05655456044664529
Rondônia,1768204,5,0.0,0.05655456044664529,0.05655456044664529
Rondônia,1768204,6,0.0,0.05655456044664529,0.05655456044664529
Rondônia,1768204,7,0.028362683320661677,0.14671301824999913,0.7589094967028113
Rondônia,1768204,8,0.0,0.06289264665464578,0.06289264665464578
Rondônia,1768204,9,0.0,0.17358961332334996,0.17358961332334996
Rondônia,1768204,10,0.04010606979823583,0.08090028545316423,0.16318866992774614
Rondônia,1768204,11,0.0,0.0,0.0
Rondônia,1768204,12,0.0,0.05786320444111665,0.05786320444111665
Rondônia,1768204,13,0.041945179083571774,0.08090028545316423,0.15603357356904957
Rondônia,1768204,14,0.0,0.11310912089329059,0.11310912089329059
Rondônia,1768204,15,0.0,0.11310912089329059,0.11310912089329059
Rondônia,1768204,16,0.0,0.05786320444111665,0.05786320444111665
Rondônia,1768204,17,0.0,0.06343346305476527,0.06343346305476527
Rondônia,1768204,18,0.0345272047020229,0.09908220970287843,0.28433475470517877
Rondônia,1768204,19,0.049200960363568684,0.0743875051000807,0.11246733547729415
Rondônia,1768204,20,0.0,0.05655456044664529,0.05655456044664529
Rondônia,1768204,21,0.05374338130676773,0.05963946668842427,0.06618240051881076
Rondônia,1768204,22,0.0,0.2893160222055833,0.2893160222055833
Rondônia,1768204,23,0.03301334055478279,0.09908220970287843,0.2973732471366914
Rondônia,1768204,24,0.055936988623041126,0.057205140443859825,0.058502042633267075
Rondônia,1768204,25,0.0,0.11572640888223332,0.11572640888223332
Rondônia,1768204,26,0.0,0.05786320444111665,0.05786320444111665
Rondônia,1768204,27,0.0,0.05655456044664529,0.05655456044664529
Rondônia,1768204,28,0.0,0.0,0.0
Rondônia,1768204,29,0.04226110811536039,0.08515243655607102,0.1715747119465674
Rondônia,1768204,30,0.0,0.0,0.0
Rondônia,1768204,31,0.0,0.11572640888223332,0.11572640888223332
Rondônia,1768204,32,0.060893187590593534,0.10728534726683155,0.18902189544668654
Rondônia,1768204,33,0.04944996031008249,0.0746001172230987,0.11254159669295767
Rondônia,1768204,34,0.04805702990262595,0.0847048005802595,0.1492997643815994
Rondônia,1768204,35,0.0,0.05655456044664529,0.05655456044664529
Rondônia,1768204,36,0.0,0.06343346305476527,0.06343346305476527
Rondônia,1768204,37,0.0,0.1696636813399359,0.1696636813399359
Rondônia,1768204,38,0.0,0.0,0.0
Rondônia,1768204,39,0.0,0.0,0.0
Rondônia,1768204,40,0.06263470464323985,0.06316247602796995,0.06369469451013791
Rondônia,1768204,41,0.0,0.05655456044664529,0.05655456044664529
Rondônia,1768204,42,0.03301334055478279,0.09908220970287843,0.2973732471366914
Rondônia,1768204,43,0.0,0.0,0.0
Rondônia,1768204,44,0.0,0.05786320444111665,0.05786320444111665
Rondônia,1768204,45,0.0,0.06343346305476527,0.06343346305476527
Rondônia,1768204,46,0.0,0.05786320444111665,0.05786320444111665
Rondônia,1768204,47,0.0,0.06343346305476527,0.06343346305476527
Rondônia,1768204,48,0.0,0.0,0.0
Rondônia,1768204,49,0.0,0.0,0.0
Rondônia,1768204,50,0.0,0.05655456044664529,0.05655456044664529
Rondônia,1768204,51,0.0,0.0,0.0
Rondônia,1768204,52,0.0,0.0,0.0
Acre,803513,1,0.16056466210910195,0.24353944494868474,0.36939299386817726
Acre,803513,2,0.17148387542013294,0.2590899781952286,0.39145147983588763
Acre,803513,3,0.11598586039408638,0.21693423645822685,0.4057431034077434
Acre,803513,4,0.10226677395725818,0.18430108331615866,0.3321400294264287
Acre,803513,5,0.1036466393529518,0.31104536550121725,0.9334525461102706
Acre,803513,6,0.1789249668209952,0.39189260346722815,0.8583475821234633
Acre,803513,7,0.11647064495902373,0.25811369737351125,0.5720126371349921
Acre,803513,8,0.10680209869455247,0.31704063871685073,0.9411310060999344
Acre,803513,9,0.27573601679853893,0.4053637134108519,0.5959313623881506
Acre,803513,10,0.1846154532674756,0.3304497060567965,0.5914835746432116
Acre,803513,11,0.16498034224118988,0.2709147288809416,0.4448699119397871
Acre,803513,12,0.20291831728492846,0.33044970605679647,0.5381328294758813
Acre,803513,13,0.11852799203229178,0.20479144623022835,0.3538365556521239
Acre,803513,14,0.14020535104346077,0.31119930341000535,0.6907368778874395
Acre,803513,15,0.2512849447658874,0.3395204283707432,0.45873866971397537
Acre,803513,16,0.2587165218232445,0.31595936040624,0.38586757708703456
Acre,803513,17,0.15492066163651003,0.23799422178003743,0.36561456039726237
Acre,803513,18,0.3876172574508148,0.4600605393658671,0.5460430252088809
Acre,803513,19,0.1770269147704845,0.3549827373051411,0.7118281643671327
Acre,803513,20,0.2938235518969119,0.4728633122275958,0.7609999627575901
Acre,803513,21,0.24484922161655845,0.2532055140615722,0.2618469927243145
Acre,803513,22,0.2483226195941312,0.2531810718455526,0.25813458011046936
Acre,803513,23,0.17615987531408914,0.2799448173349488,0.4448748650222844
Acre,803513,24,0.2045300987982199,0.34299972957711,0.5752151648156075
Acre,803513,25,0.09148233098636521,0.17749136865257054,0.3443636121477712
Acre,803513,26,0.11471322628108833,0.21505205564800758,0.40315653336356483
Acre,803513,27,0.13556576282120095,0.21215849867165457,0.33202504542371974
Acre,803513,28,0.1819682160032452,0.33796394195425544,0.6276899810856109
Acre,803513,29,0.14308248287408085,0.25661145234631894,0.46022012025914893
Acre,803513,30,0.137593718156372,0.20721686585667284,0.31206969381162725
Acre,803513,31,0.12416510143911634,0.23003026968293352,0.4261577879542036
Acre,803513,32,0.10465743680142292,0.2953711197346441,0.8336158522478863
Acre,803513,33,0.3038809273514379,0.4711282923749133,0.730423820312366
Acre,803513,34,0.1120108363262564,0.22701241392654223,0.46008616458009205
Acre,803513,35,0.1162194705757489,0.28331233281675305,0.6906405400784837
Acre,803513,36,0.10757821413048489,0.21215849867165457,0.41840468279214
Acre,803513,37,0.059331626762230194,0.2853557102006362,1.3724194967791696
Acre,803513,38,0.11435157438487265,0.23602270427743707,0.48715303863629045
Acre,803513,39,0.10523969029671844,0.22738986378602427,0.49131796194804056
Acre,803513,40,0.0722535386403633,0.2192824075556194,0.6655006130942213
Acre,803513,41,0.15527967724567787,0.31119930341000535,0.6236811420572952
Acre,803513,42,0.1856670811955223,0.34361958080297433,0.6359469624390228
Acre,803513,43,0.12338680059114258,0.12756603505423195,0.13188682437257157
Acre,803513,44,0.1319888493057587,0.2954061413872045,0.6611527324336611
Acre,803513,45,0.12227597987094838,0.23446400979795756,0.4495843905610598
Acre,803513,46,0.11226763368614706,0.14880811587453838,0.19724166817334832
Acre,803513,47,0.09250687576910008,0.18609420790098005,0.37436194797815175
Acre,803513,48,0.12611495604688439,0.3182166193265284,0.8029326575506212
Acre,803513,49,0.27669053435552426,0.3938507972035604,0.5606207339878342
Acre,803513,50,0.20649510594577905,0.4600605393658671,1.0249913619608426
Acre,803513,51,0.11423702279157959,0.251648250975112,0.5543460488669246
Acre,803513,52,0.2615562300320996,0.44127816139158504,0.7444915982205429
Amazonas,3938336,1,0.0,0.05745579423011677,0.05745579423011677
Amazonas,3938336,2,0.012301959051921859,0.05401638690868364,0.2371793014717265
Amazonas,3938336,3,0.0,0.025391434351969968,0.025391434351969968
Amazonas,3938336,4,0.012930602767906646,0.0549335858665136,0.23337650303847057
Amazonas,3938336,5,0.014909069976876117,0.045753506335429794,0.1404100554382695
Amazonas,3938336,6,0.012930602767906646,0.0549335858665136,0.23337650303847057
Amazonas,3938336,7,0.010781183703062702,0.07483317002695147,0.5194237933903109
Amazonas,3938336,8,0.022343395175280365,0.05910893671567576,0.1563713290772928
Amazonas,3938336,9,0.017011521312183215,0.04380134391379138,0.1127799033047213
Amazonas,3938336,10,0.022695700130111813,0.08277935281600568,0.3019259689435713
Amazonas,3938336,11,0.021809927948604917,0.06400282794423937,0.18782097742427134
Amazonas,3938336,12,0.021024319521930516,0.04539597585607487,0.0980195635714018
Amazonas,3938336,13,0.01962915077735492,0.06412038198060649,0.20945498009429986
Amazonas,3938336,14,0.013238393075175757,0.050892380904308754,0.19564568142080677
Amazonas,3938336,15,0.02549421032533685,0.07221544429889243,0.20455900883909922
Amazonas,3938336,16,0.031785286585140356,0.05381974858441115,0.09112912447495039
Amazonas,3938336,17,0.04852187245956182,0.06090886466096487,0.07645809211875657
Amazonas,3938336,18,0.02506631575855783,0.05265960640578556,0.11062791091927887
Amazonas,3938336,19,0.03172372074130671,0.05869429556863211,0.10859446029015969
Amazonas,3938336,20,0.03851267428297948,0.07008625138113686,0.12754457393863153
Amazonas,3938336,21,0.0,0.15488895365541802,0.15488895365541802
Amazonas,3938336,22,0.014969632689009032,0.05487187612524103,0.20113538201337894
Amazonas,3938336,23,0.011634480809387514,0.05724838206292286,0.28169518713529285
Amazonas,3938336,24,0.050289677622049354,0.07594829471130149,0.11469835843659654
Amazonas,3938336,25,0.024104390588969737,0.058092852450449844,0.14000683789840546
Amazonas,3938336,26,0.018220160895579648,0.03935194884943375,0.08499243706591783
Amazonas,3938336,27,0.043590703523136605,0.06377731887402725,0.09331224490562362
Amazonas,3938336,28,0.02550165637318156,0.04888910846644269,0.09372508560491619
Amazonas,3938336,29,0.024523440768578167,0.027232437535874673,0.030240685275107627
Amazonas,3938336,30,0.01898434155758827,0.03682185222011225,0.07141932190836696
Amazonas,3938336,31,0.025116874602654854,0.026480645737153984,0.027918465563487427
Amazonas,3938336,32,0.0,0.026261049008107044,0.026261049008107044
Amazonas,3938336,33,0.0,0.0,0.0
Amazonas,3938336,34,0.0,0.025814825609236338,0.025814825609236338
Amazonas,3938336,35,0.025532000618282133,0.027042649516910978,0.028642678802492123
Amazonas,3938336,36,0.0,0.026261049008107044,0.026261049008107044
Amazonas,3938336,37,0.024984322491143005,0.025822581240131974,0.026688964735369542
Amazonas,3938336,38,0.0,0.0,0.0
Amazonas,3938336,39,0.0,0.025814825609236338,0.025814825609236338
Amazonas,3938336,40,0.01791342377123728,0.036518644605275694,0.07444759979093148
Amazonas,3938336,41,0.0,0.0,0.0
Amazonas,3938336,42,0.0,0.0,0.0
Amazonas,3938336,43,0.0,0.0,0.0
Amazonas,3938336,44,0.0,0.0,0.0
Amazonas,3938336,45,0.0,0.026261049008107044,0.026261049008107044
Amazonas,3938336,46,0.0,0.0,0.0
Amazonas,3938336,47,0.0,0.027847512590556636,0.027847512590556636
Amazonas,3938336,48,0.0,0.0,0.0
Amazonas,3938336,49,0.0,0.025391434351969968,0.025391434351969968
Amazonas,3938336,50,0.0,0.0,0.0
Amazonas,3938336,51,0.025153401572734845,0.027466792933256795,0.029992949933903487
Amazonas,3938336,52,0.0,0.028727897115058396,0.028727897115058396
Roraima,505665,1,,,
Roraima,505665,2,,,
Roraima,505665,3,,,
Roraima,505665,4,,,
Roraima,505665,5,,,
Roraima,505665,6,,,
Roraima,505665,7,,,
Roraima,505665,8,,,
Roraima,505665,9,,,
Roraima,505665,10,,,
Roraima,505665,11,,,
Roraima,505665,12,,,
Roraima,505665,13,,,
Roraima,505665,14,,,
Roraima,505665,15,,,
Roraima,505665,16,,,
Roraima,505665,17,,,
Roraima,505665,18,,,
Roraima,505665,19,,,
Roraima,505665,20,,,
Roraima,505665,21,,,
Roraima,505665,22,,,
Roraima,505665,23,,,
Roraima,505665,24,,,
Roraima,505665,25,,,
Roraima,505665,26,,,
Roraima,505665,27,,,
Roraima,505665,28,,,
Roraima,505665,29,,,
Roraima,505665,30,,,
Roraima,505665,31,,,
Roraima,505665,32,,,
Roraima,505665,33,,,
Roraima,505665,34,,,
Roraima,505665,35,,,
Roraima,505665,36,,,
Roraima,505665,37,,,
Roraima,505665,38,,,
Roraima,505665,39,,,
Roraima,505665,40,,,
Roraima,505665,41,,,
Roraima,505665,42,,,
Roraima,505665,43,,,
Roraima,505665,44,,,
Roraima,505665,45,,,
Roraima,505665,46,,,
Roraima,505665,47,,,
Roraima,505665,48,,,
Roraima,505665,49,,,
Roraima,505665,50,,,
Roraima,505665,51,,,
Roraima,505665,52,,,
Pará,8175113,1,0.009052762889525012,0.017630025309635144,0.03433402555787961
Pará,8175113,2,0.012083712169581798,0.012388918166771585,0.012701832945783822
Pará,8175113,3,0.00882434053882131,0.017866293141526622,0.036173176818672284
Pará,8175113,4,0.0064907094438154235,0.024932620897866936,0.09577313392591737
Pará,8175113,5,0.012308517667605786,0.012466310448933463,0.01262612610275574
Pará,8175113,6,0.02431867771094391,0.024617320785776997,0.02491963131684294
Pará,8175113,7,0.00983048444048796,0.029856350170629098,0.09067728563201687
Pará,8175113,8,0.013066922943954855,0.0317179577282708,0.07699049322991472
Pará,8175113,9,0.014811452698719458,0.03952077706882654,0.10545162935023396
Pará,8175113,10,0.05988012049846028,0.07114146429891359,0.08452067064099737
Pará,8175113,11,0.01962577669010385,0.05066014357257547,0.13076935437098255
Pará,8175113,12,0.03178797819146069,0.05201226767197138,0.08510374494680906
Pará,8175113,13,0.04569213929936389,0.07498540226234696,0.12305859691984845
Pará,8175113,14,0.0608714950269158,0.08854735857160978,0.12880634370064853
Pará,8175113,15,0.10357158163783592,0.15646844421508874,0.2363811930641275
Pará,8175113,16,0.04757848524381432,0.11212932988238344,0.2642578164362007
Pará,8175113,17,0.01838692213504903,0.08409379280103922,0.3846084698528178
Pará,8175113,18,0.033580331752135976,0.12245064913339292,0.4465161804792339
Pará,8175113,19,0.06452834994965881,0.16280719621609352,0.4107680292526328
Pará,8175113,20,0.045713004679818044,0.14215571977277036,0.4420678274302151
Pará,8175113,21,0.04487726974965175,0.16443609737700307,0.6025150431703583
Pará,8175113,22,0.048602271321371446,0.16773452321797178,0.5788797419183334
Pará,8175113,23,0.05339207981857996,0.14248575581059722,0.38024723288363366
Pará,8175113,24,0.02102088906601313,0.0733100306060198,0.2556676157025584
Pará,8175113,25,0.022534381901160323,0.06775695972574691,0.20373337113986215
Pará,8175113,26,0.01621343415380514,0.039119498937130605,0.0943868635463023
Pará,8175113,27,0.010155130481596258,0.03614930776195037,0.12868101045441188
Pará,8175113,28,0.01472698360065102,0.034187904487137946,0.07936539110222125
Pará,8175113,29,0.02123202551391913,0.04329284218145838,0.0882756184952746
Pará,8175113,30,0.015738603844409615,0.025742077975440113,0.04210377140466723
Pará,8175113,31,0.011496044378050841,0.0195597494685653,0.033279603548112574
Pará,8175113,32,0.0073259956289779375,0.02197863863352515,0.06593787119833117
Pará,8175113,33,0.024498545153857486,0.024995134087448988,0.025501788948115618
Pará,8175113,34,0.011878188773729677,0.03055093152828535,0.07857758746099729
Pará,8175113,35,0.012218126195842094,0.028698284369179275,0.06740735138376237
Pará,8175113,36,0.00981118149950613,0.015793274525853294,0.025422781166725146
Pará,8175113,37,0.012400488811527449,0.030914289694679804,0.07706900283141882
Pará,8175113,38,0.03659875829208991,0.037605390894543136,0.03863971047993263
Pará,8175113,39,0.024602396598645857,0.03285133485424518,0.043866059852280606
Pará,8175113,40,0.01002370629517871,0.015793274525853294,0.02488376184455229
Pará,8175113,41,0.012659414197876539,0.01998106130076208,0.03153722632535239
Pará,8175113,42,0.02169468900328995,0.028817677075310084,0.038279346244185164
Pará,8175113,43,0.010110099956992672,0.01585897886413541,0.024876827299727927
Pará,8175113,44,0.011824502304821169,0.022777843398658855,0.04387754651477261
Pará,8175113,45,0.012032793706024066,0.022777843398658855,0.04311801253885712
Pará,8175113,46,0.008166996418289081,0.0198122494046933,0.048062372795309845
Pará,8175113,47,0.00889994429826924,0.01794548329771932,0.036184537789899426
Pará,8175113,48,0.014651991257955863,0.04395727726705029,0.13187574239666233
Pará,8175113,49,0.010110099956992672,0.01585897886413541,0.024876827299727927
Pará,8175113,50,0.01294619552979132,0.01998106130076208,0.030838620487855968
Pará,8175113,51,0.009300688082852879,0.017945483297719306,0.03462543501296952
Pará,8175113,52,0.01024239891219068,0.01585897886413541,0.02455549845005015
Amapá,766679,1,,,
Amapá,766679,2,,,
Amapá,766679,3,,,
Amapá,766679,4,,,
Amapá,766679,5,,,
Amapá,766679,6,,,
Amapá,766679,7,,,
Amapá,766679,8,,,
Amapá,766679,9,,,
Amapá,766679,10,,,
Amapá,766679,11,,,
Amapá,766679,12,,,
Amapá,766679,13,,,
Amapá,766679,14,,,
Amapá,766679,15,,,
Amapá,766679,16,,,
Amapá,766679,17,,,
Amapá,766679,18,,,
Amapá,766679,19,,,
Amapá,766679,20,,,
Amapá,766679,21,,,
Amapá,766679,22,,,
Amapá,766679,23,,,
Amapá,766679,24,,,
Amapá,766679,25,,,
Amapá,766679,26,,,
Amapá,766679,27,,,
Amapá,766679,28,,,
Amapá,766679,29,,,
Amapá,766679,30,,,
Amapá,766679,31,,,
Amapá,766679,32,,,
Amapá,766679,33,,,
Amapá,766679,34,,,
Amapá,766679,35,,,
Amapá,766679,36,,,
Amapá,766679,37,,,
Amapá,766679,38,,,
Amapá,766679,39,,,
Amapá,766679,40,,,
Amapá,766679,41,,,
Amapá,766679,42,,,
Amapá,766679,43,,,
Amapá,766679,44,,,
Amapá,766679,45,,,
Amapá,766679,46,,,
Amapá,766679,47,,,
Amapá,766679,48,,,
Amapá,766679,49,,,
Amapá,766679,50,,,
Amapá,766679,51,,,
Amapá,766679,52,,,
Tocantins,1515126,1,0.0,0.0,0.0
Tocantins,1515126,2,0.06640338483196312,0.06722722681910401,0.06806128990598996
Tocantins,1515126,3,0.0,0.07228290371989507,0.07228290371989507
Tocantins,1515126,4,0.0,0.06765149198600426,0.06765149198600426
Tocantins,1515126,5,0.06553509831426668,0.06992886586905007,0.07461721134958696
Tocantins,1515126,6,0.0,0.0,0.0
Tocantins,1515126,7,0.07095518305685795,0.07183158801208506,0.07271881790796421
Tocantins,1515126,8,0.0,0.06680562236117793,0.06680562236117793
Tocantins,1515126,9,0.0,0.0,0.0
Tocantins,1515126,10,0.06432603665656152,0.06949031852769631,0.07506920401240243
Tocantins,1515126,11,0.054169174416445726,0.08418289936753198,0.13082644552493825
Tocantins,1515126,12,0.0,0.13361124472235586,0.13361124472235586
Tocantins,1515126,13,0.06816077783785153,0.1093273089792464,0.17535686750930954
Tocantins,1515126,14,0.06590690563381453,0.06858491098935199,0.07137173214522659
Tocantins,1515126,15,0.0,0.20041686708353373,0.20041686708353373
Tocantins,1515126,16,0.06553509831426668,0.06992886586905007,0.07461721134958696
Tocantins,1515126,17,0.05372023290409709,0.09090771526392821,0.1538379907857242
Tocantins,1515126,18,0.06553509831426668,0.06992886586905007,0.07461721134958696
Tocantins,1515126,19,0.06892421583095763,0.09827551536435589,0.14012603268228666
Tocantins,1515126,20,0.06293511926066231,0.11686994210185125,0.2170264158922057
Tocantins,1515126,21,0.04987585016919354,0.09933045225255535,0.197821966166531
Tocantins,1515126,22,0.06514572559620643,0.13661444232729336,0.2864885713005885
Tocantins,1515126,23,0.06485246170198049,0.1241327511506307,0.23759992302271918
Tocantins,1515126,24,0.04287932470814481,0.10606380695433536,0.2623532721705783
Tocantins,1515126,25,0.04423461562582187,0.10843994643916331,0.265837553177792
Tocantins,1515126,26,0.06614853333271255,0.06831288558408724,0.07054805453285519
Tocantins,1515126,27,0.04908363875017855,0.09449945674888044,0.18193735332633704
Tocantins,1515126,28,0.05302950845556599,0.08606884252645156,0.13969289683403782
Tocantins,1515126,29,0.06586636261503953,0.097379902633384,0.1439709900531549
Tocantins,1515126,30,0.0,0.0,0.0
Tocantins,1515126,31,0.1191946021706229,0.16814768080732423,0.23720572950450444
Tocantins,1515126,32,0.05217235242047592,0.0853631801145848,0.13966923439732015
Tocantins,1515126,33,0.0,0.0705370834608879,0.0705370834608879
Tocantins,1515126,34,0.05788952355956195,0.082393579272113,0.11726995642458761
Tocantins,1515126,35,0.0391345944659203,0.11964872255653677,0.36580976511402963
Tocantins,1515126,36,0.0,0.06765149198600426,0.06765149198600426
Tocantins,1515126,37,0.06630869002108214,0.06907922217621135,0.07196551364463967
Tocantins,1515126,38,0.04666532660198914,0.09708010877771991,0.20196038914880765
Tocantins,1515126,39,0.054727643128329194,0.08799136860444313,0.14147294687490689
Tocantins,1515126,40,0.0,0.0705370834608879,0.0705370834608879
Tocantins,1515126,41,0.0,0.0,0.0
Tocantins,1515126,42,0.047542440443775924,0.09769277287978236,0.2007443829945458
Tocantins,1515126,43,0.0,0.07138309020252809,0.07138309020252809
Tocantins,1515126,44,0.0,0.0705370834608879,0.0705370834608879
Tocantins,1515126,45,0.0,0.06680562236117793,0.06680562236117793
Tocantins,1515126,46,0.07013458406880857,0.07095882602828073,0.07179275471815522
Tocantins,1515126,47,0.0,0.0,0.0
Tocantins,1515126,48,0.0,0.07228290371989507,0.07228290371989507
Tocantins,1515126,49,0.0,0.0,0.0
Tocantins,1515126,50,0.0,0.0705370834608879,0.0705370834608879
Tocantins,1515126,51,0.0,0.0,0.0
Tocantins,1515126,52,0.0,0.13530298397200854,0.13530298397200854
Maranhão,6904241,1,,,
Maranhão,6904241,2,,,
Maranhão,6904241,3,,,
Maranhão,6904241,4,,,
Maranhão,6904241,5,,,
Maranhão,6904241,6,,,
Maranhão,6904241,7,,,
Maranhão,6904241,8,,,
Maranhão,6904241,9,,,
Maranhão,6904241,10,,,
Maranhão,6904241,11,,,
Maranhão,6904241,12,,,
Maranhão,6904241,13,,,
Maranhão,6904241,14,,,
Maranhão,6904241,15,,,
Maranhão,6904241,16,,,
Maranhão,6904241,17,,,
Maranhão,6904241,18,,,
Maranhão,6904241,19,,,
Maranhão,6904241,20,,,
Maranhão,6904241,21,,,
Maranhão,6904241,22,,,
Maranhão,6904241,23,,,
Maranhão,6904241,24,,,
Maranhão,6904241,25,,,
Maranhão,6904241,26,,,
Maranhão,6904241,27,,,
Maranhão,6904241,28,,,
Maranhão,6904241,29,,,
Maranhão,6904241,30,,,
Maranhão,6904241,31,,,
Maranhão,6904241,32,,,
Maranhão,6904241,33,,,
Maranhão,6904241,34,,,
Maranhão,6904241,35,,,
Maranhão,6904241,36,,,
Maranhão,6904241,37,,,
Maranhão,6904241,38,,,
Maranhão,6904241,39,,,
Maranhão,6904241,40,,,
Maranhão,6904241,41,,,
Maranhão,6904241,42,,,
Maranhão,6904241,43,,,
Maranhão,6904241,44,,,
Maranhão,6904241,45,,,
Maranhão,6904241,46,,,
Maranhão,6904241,47,,,
Maranhão,6904241,48,,,
Maranhão,6904241,49,,,
Maranhão,6904241,50,,,
Maranhão,6904241,51,,,
Maranhão,6904241,52,,,
Piauí,3204028,1,0.03112966098200059,0.03138295005043049,0.031638300026373106
Piauí,3204028,2,0.031266869572286166,0.0718490197921352,0.16510388522125344
Piauí,3204028,3,0.032307348932744506,0.0655560970515227,0.13302242377036727
Piauí,3204028,4,0.06208947576070738,0.06314314737854736,0.06421470002798953
Piauí,3204028,5,0.031290713636001485,0.07200441633639729,0.16569248091485073
Piauí,3204028,6,0.020275530448721168,0.0499250738698781,0.12293207357590953
Piauí,3204028,7,0.060669710053272284,0.11453705145713423,0.21623205624314074
Piauí,3204028,8,0.014828985729858779,0.0705961849258598,0.33608646045501706
Piauí,3204028,9,0.012199896784822811,0.08353053248076817,0.5719187612472907
Piauí,3204028,10,0.028827025990743268,0.049337096879329086,0.08443982841871862
Piauí,3204028,11,0.032653182717369826,0.07232103319186438,0.16017831668079574
Piauí,3204028,12,0.0260945753650326,0.05174380554304131,0.10260452123179156
Piauí,3204028,13,0.03717781954989715,0.08892422883110682,0.21269451971475087
Piauí,3204028,14,0.03179537908425935,0.07888573630306049,0.19571898720203473
Piauí,3204028,15,0.03391329914567441,0.07139246330461531,0.15029159489341345
Piauí,3204028,16,0.0392654277428018,0.07477606525327873,0.14240160508088784
Piauí,3204028,17,0.022553033956734445,0.04434053032808311,0.08717597080496466
Piauí,3204028,18,0.024970985605300578,0.07579431718032982,0.23005814058108293
Piauí,3204028,19,0.02605167777136827,0.0719981020793552,0.1989786127604554
Piauí,3204028,20,0.030852545742550756,0.05726852572856711,0.10630189373968991
Piauí,3204028,21,0.17527176003961545,0.20319383658292592,0.23556410465643085
Piauí,3204028,22,0.05178492041839006,0.07680005136278867,0.11389894667545669
Piauí,3204028,23,0.03777414214467444,0.05871472529716398,0.091263990946978
Piauí,3204028,24,0.022553033956734445,0.04434053032808311,0.08717597080496466
Piauí,3204028,25,0.029872684106474465,0.041536903273038654,0.057755584579017895
Piauí,3204028,26,0.01632190757353304,0.06304304904263475,0.243502544949882
Piauí,3204028,27,0.022437609330455115,0.04457816748472311,0.08856616527317517
Piauí,3204028,28,0.018738691352862026,0.05459688200294993,0.15907298264928013
Piauí,3204028,29,0.031141467881637325,0.03146942442449908,0.031800834738211145
Piauí,3204028,30,0.028652342990468146,0.0628961354746146,0.13806633052511974
Piauí,3204028,31,0.03134587181474259,0.0719981020793552,0.16537191033210438
Piauí,3204028,32,0.020293405515046905,0.05002866532072435,0.1233340235534766
Piauí,3204028,33,0.02215581180303264,0.04535596218112971,0.09284982756057208
Piauí,3204028,34,0.03125391115957829,0.031448067737307295,0.03164343046093219
Piauí,3204028,35,0.021996624931840597,0.04535596218112973,0.09352177035115423
Piauí,3204028,36,0.0,0.03163808060623625,0.03163808060623625
Piauí,3204028,37,0.03138130132702381,0.031628588091489496,0.031877823492286184
Piauí,3204028,38,0.022584556290240244,0.044276062937134125,0.08680133999622662
Piauí,3204028,39,0.0,0.1256215913366326,0.1256215913366326
Piauí,3204028,40,0.031539808052441234,0.03174077732636725,0.03194302716132253
Piauí,3204028,41,0.0223109714200611,0.044276062937134146,0.08786572813456167
Piauí,3204028,42,0.025308522021263928,0.03962555739031727,0.06204174219158577
Piauí,3204028,43,0.03017868539959184,0.04446211441555341,0.06550582280593636
Piauí,3204028,44,0.022258660234429125,0.0446489476968324,0.0895619282310144
Piauí,3204028,45,0.0,0.031210713514363803,0.031210713514363803
Piauí,3204028,46,0.03111769766450291,0.03130790434708992,0.03149927366653042
Piauí,3204028,47,0.0,0.0,0.0
Piauí,3204028,48,0.03129432288329378,0.03152152452131737,0.03175037567847301
Piauí,3204028,49,0.0,0.03140539783415815,0.03140539783415815
Piauí,3204028,50,0.0,0.03163808060623625,0.03163808060623625
Piauí,3204028,51,0.0,0.031210713514363803,0.031210713514363803
Piauí,3204028,52,0.0223109714200611,0.044276062937134146,0.08786572813456167
Ceará,8904459,1,0.015417919456826388,0.026299530825005513,0.04486113211008997
Ceará,8904459,2,0.014195844361790928,0.023764308747473862,0.03978223174701074
Ceará,8904459,3,0.012489013389353563,0.017393306000205222,0.024223458185629657
Ceará,8904459,4,0.015758158852487148,0.03320068353615304,0.06995013805777235
Ceará,8904459,5,0.014748138467641928,0.022991275741253477,0.035841727508195025
Ceará,8904459,6,0.013603836862206517,0.021291236557743044,0.033322713198447367
Ceará,8904459,7,0.014775434251256428,0.025576483740020972,0.044273251762325085
Ceará,8904459,8,0.01643360191212339,0.038739588902753426,0.09132238667940473
Ceará,8904459,9,0.020301323146190712,0.03894095901992072,0.0746945545603848
Ceará,8904459,10,0.03101697830109066,0.0467312873066691,0.07040702650463093
Ceará,8904459,11,0.04488319120122373,0.09413315860302056,0.19742472207145173
Ceará,8904459,12,0.024523953694272137,0.0485099574694152,0.09595581540484205
Ceará,8904459,13,0.03755172493406497,0.06605110149437504,0.11617969657267527
Ceará,8904459,14,0.0332095869996793,0.05662253569748267,0.09654174708175867
Ceará,8904459,15,0.04399243018981684,0.07546834508267178,0.12946479848789055
Ceará,8904459,16,0.01918932671492348,0.047753703351442585,0.11883773816848436
Ceará,8904459,17,0.019125111684989055,0.04411842473296028,0.10177380571563419
Ceará,8904459,18,0.01757820074590211,0.03601830498453899,0.07380267825543531
Ceará,8904459,19,0.02137755859615943,0.04351869444626188,0.08859181733911128
Ceará,8904459,20,0.01889120547662134,0.04542525700818151,0.10922828491876574
Ceará,8904459,21,0.03197920488314815,0.049140168189442425,0.07551019915942862
Ceará,8904459,22,0.014226385953685437,0.03756252371052768,0.09917790731232343
Ceará,8904459,23,0.02055311567685194,0.03795798740431964,0.07010172231012192
Ceará,8904459,24,0.013156034662631105,0.028987227631010287,0.06386874064103149
Ceará,8904459,25,0.010137962515710102,0.0173596953573723,0.02972579770676584
Ceará,8904459,26,0.010559622784573529,0.017992810506019433,0.03065840859187455
Ceará,8904459,27,0.018244759725820278,0.041102990590685895,0.09259951136035341
Ceará,8904459,28,0.016130227542712514,0.03350886163495276,0.06961115738120503
Ceará,8904459,29,0.0,0.1025223225270249,0.1025223225270249
Ceará,8904459,30,0.009669460994039761,0.0135710367048553,0.01904687731384962
Ceará,8904459,31,0.009268274644171686,0.025893261529418034,0.07233935315592492
Ceará,8904459,32,0.022710649962420493,0.044276854396313896,0.08632248916153161
Ceará,8904459,33,0.010199204547252962,0.02240872634917104,0.04923433138982206
Ceará,8904459,34,0.018552426551901386,0.02780154351698431,0.04166171038405525
Ceará,8904459,35,0.008079832944114459,0.01605122863341798,0.03188703806431166
Ceará,8904459,36,0.013782716045975401,0.021384434956445895,0.03317880575069936
Ceará,8904459,37,0.00912286452394738,0.014249610967790063,0.022257418401901728
Ceará,8904459,38,0.022333167071202833,0.022892882757640592,0.023466626085059394
Ceará,8904459,39,0.008079832944114459,0.01605122863341798,0.03188703806431166
Ceará,8904459,40,0.0,0.0341741075090083,0.0341741075090083
Ceará,8904459,41,0.0,0.045565476678677726,0.045565476678677726
Ceará,8904459,42,0.04008385105483013,0.05058237207633017,0.06383060253787656
Ceará,8904459,43,0.011124666991779691,0.011418666600501472,0.011720435949206699
Ceará,8904459,44,0.0,0.022782738339338863,0.022782738339338863
Ceará,8904459,45,0.0,0.011837044148031705,0.011837044148031705
Ceará,8904459,46,0.007062938531577377,0.019873684761281304,0.05592054131930509
Ceará,8904459,47,0.00752660985683447,0.018614365933299747,0.04603594788218747
Ceará,8904459,48,0.0068287847340341955,0.020215354842603554,0.05984382102069179
Ceará,8904459,49,0.009778647086471498,0.013663437253624039,0.01909154875238328
Ceará,8904459,50,0.019567549782193935,0.02830643178834827,0.040948104872973824
Ceará,8904459,51,0.011668823252816192,0.011779942547141214,0.011892120002799543
Ceará,8904459,52,0.011283330047791825,0.011505014392131849,0.011731054183695105
Rio Grande do Norte,3442175,1,0.01773604263406697,0.07039785560598684,0.2794229905831573
Rio Grande do Norte,3442175,2,0.027860838957289445,0.10025619835952347,0.3607682211189953
Rio Grande do Norte,3442175,3,0.02871618338541298,0.06957426217086848,0.168566201561438
Rio Grande do Norte,3442175,4,0.03392348641083709,0.07402668884237187,0.16153854573198398
Rio Grande do Norte,3442175,5,0.045278724621144115,0.0797308199327922,0.14039714458270675
Rio Grande do Norte,3442175,6,0.033420196876655095,0.0769169492681917,0.1770252014541007
Rio Grande do Norte,3442175,7,0.022639362310572057,0.0398654099663961,0.07019857229135337
Rio Grande do Norte,3442175,8,0.06195223531755839,0.08613904806588041,0.11976865021354782
Rio Grande do Norte,3442175,9,0.043206463099582086,0.07402668884237187,0.12683173460264904
Rio Grande do Norte,3442175,10,0.0321589870654424,0.05942429981326423,0.10980592769015865
Rio Grande do Norte,3442175,11,0.058519116515749925,0.13063031269345954,0.29160178092911415
Rio Grande do Norte,3442175,12,0.0524145657550452,0.10986385236380651,0.23028076036391582
Rio Grande do Norte,3442175,13,0.07127352384026793,0.11884859962652847,0.19818003758089148
Rio Grande do Norte,3442175,14,0.050053503292936716,0.10073715474827948,0.20274253906640805
Rio Grande do Norte,3442175,15,0.08942747207287555,0.10130632745052649,0.11476307832060682
Rio Grande do Norte,3442175,16,0.08825552209314312,0.1316613898292138,0.196415149563848
Rio Grande do Norte,3442175,17,0.06342818094097954,0.09007039568024536,0.12790333977171556
Rio Grande do Norte,3442175,18,0.06803933871988752,0.10818575302991827,0.17202044256831397
Rio Grande do Norte,3442175,19,0.07023111582776087,0.11487798943164432,0.18790748659357775
Rio Grande do Norte,3442175,20,0.06059098680531625,0.13063031269345954,0.28163064333677096
Rio Grande do Norte,3442175,21,0.06067438986168405,0.14533348367670318,0.34811757523654985
Rio Grande do Norte,3442175,22,0.0592926934921142,0.13609187045919263,0.31236559033272665
Rio Grande do Norte,3442175,23,0.03518726438505814,0.10081359732963555,0.2888369296152974
Rio Grande do Norte,3442175,24,0.08393310881103136,0.1407957112119737,0.2361813183914867
Rio Grande do Norte,3442175,25,0.050784379691242734,0.09863662010068214,0.19157825465305414
Rio Grande do Norte,3442175,26,0.07213419297329544,0.1273387107448537,0.22479141424878038
Rio Grande do Norte,3442175,27,0.056171742008119585,0.09843984940750339,0.17251385848014483
Rio Grande do Norte,3442175,28,0.06629117272180754,0.13166138982921372,0.2614936628818705
Rio Grande do Norte,3442175,29,0.09299000913080553,0.11706536931519942,0.1473739041537969
Rio Grande do Norte,3442175,30,0.04811689035115463,0.11419327100443694,0.2710088504790472
Rio Grande do Norte,3442175,31,0.055080098435851425,0.09309866156868256,0.15735921016870477
Rio Grande do Norte,3442175,32,0.07158998797066614,0.11706536931519942,0.19142761552801696
Rio Grande do Norte,3442175,33,0.0427229683852228,0.08412413712685643,0.16564556993155755
Rio Grande do Norte,3442175,34,0.06393755849163334,0.12970005507467086,0.26310207463699037
Rio Grande do Norte,3442175,35,0.028112252335331895,0.04670768301264451,0.07760344587074597
Rio Grande do Norte,3442175,36,0.03943025583937779,0.07285363982330334,0.13460863295244005
Rio Grande do Norte,3442175,37,0.08380483543352653,0.09588078212045031,0.10969682515898733
Rio Grande do Norte,3442175,38,0.03827035178536767,0.06223401988640014,0.101202969153309
Rio Grande do Norte,3442175,39,0.0425727264645671,0.06163115722905717,0.08922143016971534
Rio Grande do Norte,3442175,40,0.026754686679410257,0.05853268465759971,0.12805514092836046
Rio Grande do Norte,3442175,41,0.0312375174765522,0.04742882440300928,0.0720125530442688
Rio Grande do Norte,3442175,42,0.027382515069567244,0.05535679536735384,0.11190990986612528
Rio Grande do Norte,3442175,43,0.021354776620885814,0.04170256915290349,0.08143865444379245
Rio Grande do Norte,3442175,44,0.05514359100323713,0.0931434326506389,0.15732923605636798
Rio Grande do Norte,3442175,45,0.02754004921792571,0.04654933078434128,0.07867960508435239
Rio Grande do Norte,3442175,46,0.035452011816475844,0.05535679536735384,0.08643726085860552
Rio Grande do Norte,3442175,47,0.03725154322032071,0.09232115745827256,0.22880115500250617
Rio Grande do Norte,3442175,48,0.021789450548534255,0.04350486500745295,0.08686190939514177
Rio Grande do Norte,3442175,49,0.02350450743392317,0.0369684202155551,0.05814476636346816
Rio Grande do Norte,3442175,50,0.025553077712126948,0.03536984267314274,0.0489579292489358
Rio Grande do Norte,3442175,51,0.0,0.09293110273905132,0.09293110273905132
Rio Grande do Norte,3442175,52,0.02303926712508474,0.039143165389011955,0.06650330448242972
Paraíba,3972202,1,,,
Paraíba,3972202,2,,,
Paraíba,3972202,3,,,
Paraíba,3972202,4,,,
Paraíba,3972202,5,,,
Paraíba,3972202,6,,,
Paraíba,3972202,7,,,
Paraíba,3972202,8,,,
Paraíba,3972202,9,,,
Paraíba,3972202,10,,,
Paraíba,3972202,11,,,
Paraíba,3972202,12,,,
Paraíba,3972202,13,,,
Paraíba,3972202,14,,,
Paraíba,3972202,15,,,
Paraíba,3972202,16,,,
Paraíba,3972202,17,,,
Paraíba,3972202,18,,,
Paraíba,3972202,19,,,
Paraíba,3972202,20,,,
Paraíba,3972202,21,,,
Paraíba,3972202,22,,,
Paraíba,3972202,23,,,
Paraíba,3972202,24,,,
Paraíba,3972202,25,,,
Paraíba,3972202,26,,,
Paraíba,3972202,27,,,
Paraíba,3972202,28,,,
Paraíba,3972202,29,,,
Paraíba,3972202,30,,,
Paraíba,3972202,31,,,
Paraíba,3972202,32,,,
Paraíba,3972202,33,,,
Paraíba,3972202,34,,,
Paraíba,3972202,35,,,
Paraíba,3972202,36,,,
Paraíba,3972202,37,,,
Paraíba,3972202,38,,,
Paraíba,3972202,39,,,
Paraíba,3972202,40,,,
Paraíba,3972202,41,,,
Paraíba,3972202,42,,,
Paraíba,3972202,43,,,
Paraíba,3972202,44,,,
Paraíba,3972202,45,,,
Paraíba,3972202,46,,,
Paraíba,3972202,47,,,
Paraíba,3972202,48,,,
Paraíba,3972202,49,,,
Paraíba,3972202,50,,,
Paraíba,3972202,51,,,
Paraíba,3972202,52,,,
Pernambuco,9345173,1,0.01368120888515332,0.026180817179017993,0.05010048409574315
Pernambuco,9345173,2,0.030860622877254874,0.06881662872782073,0.1534553728321888
Pernambuco,9345173,3,0.042572003652888095,0.07834670090079934,0.14418408849363365
Pernambuco,9345173,4,0.018470608448157295,0.05438958415838498,0.1601586040451834
Pernambuco,9345173,5,0.018280785761270627,0.053791986782994884,0.15828520063903279
Pernambuco,9345173,6,0.03924824957508664,0.06949470694800539,0.12305043781760776
Pernambuco,9345173,7,0.016678699705812886,0.06042159919999711,0.2188881456156154
Pernambuco,9345173,8,0.024417976089339884,0.06039547759475204,0.1493823116441919
Pernambuco,9345173,9,0.062291480556700814,0.13555492470567984,0.29498636808345824
Pernambuco,9345173,10,0.03306730684276446,0.10255012659803178,0.31803401817023075
Pernambuco,9345173,11,0.04965651260268523,0.1124272189156886,0.254546259707184
Pernambuco,9345173,12,0.0699707047710596,0.13814650411353296,0.27274924071772183
Pernambuco,9345173,13,0.07996612403420857,0.1434043633810569,0.2571690410795555
Pernambuco,9345173,14,0.07525556913365329,0.15276754989160418,0.31011557773798515
Pernambuco,9345173,15,0.06810021244691719,0.16030481799872962,0.37735028644200835
Pernambuco,9345173,16,0.1085993623107864,0.23001017023175077,0.48715459542605744
Pernambuco,9345173,17,0.08848244973026737,0.22802906172100662,0.5876561187882192
Pernambuco,9345173,18,0.06457975569551494,0.2186973073819617,0.74061153903439
Pernambuco,9345173,19,0.06598715197207423,0.23807737940741033,0.8589677973901241
Pernambuco,9345173,20,0.015975659170311945,0.08616645869508384,0.4647481850294517
Pernambuco,9345173,21,0.017298052598483177,0.09875097030371202,0.5637486694184134
Pernambuco,9345173,22,0.03565036545042663,0.13099438111902337,0.48132824637147137
Pernambuco,9345173,23,0.02264233433021521,0.10730561255425294,0.5085383122480376
Pernambuco,9345173,24,0.04292585429139231,0.15490112063273712,0.5589721525493141
Pernambuco,9345173,25,0.022394088577650285,0.10006136390451244,0.44709462105207987
Pernambuco,9345173,26,0.15116578794987195,0.2037172770094467,0.27453784030752837
Pernambuco,9345173,27,0.026040459952776505,0.12941275711731043,0.6431400111624486
Pernambuco,9345173,28,0.02140801021223612,0.0766179237778955,0.274210736347656
Pernambuco,9345173,29,0.02213154842736775,0.0875445756143548,0.34629536856174775
Pernambuco,9345173,30,0.04380270917140782,0.10170751270635929,0.2361593229412976
Pernambuco,9345173,31,0.09449684556351737,0.16259569073243454,0.2797697477318146
Pernambuco,9345173,32,0.051220572696235055,0.1322917463388682,0.3416811884001808
Pernambuco,9345173,33,0.05611822335166274,0.11229821538037556,0.2247200361029171
Pernambuco,9345173,34,0.027309798417123426,0.08228511125964189,0.24792711508138707
Pernambuco,9345173,35,0.01546092117904098,0.06092534368302156,0.24008255781849466
Pernambuco,9345173,36,0.12651653466818433,0.176564301072797,0.24641010358913196
Pernambuco,9345173,37,0.03082399340769871,0.09265912720150883,0.2785399587971945
Pernambuco,9345173,38,0.08006210815340378,0.17478926772473727,0.38159484950373523
Pernambuco,9345173,39,0.09758306575020288,0.15008065872238233,0.23082082889466263
Pernambuco,9345173,40,0.05276844316585919,0.1515564028151754,0.4352855960157775
Pernambuco,9345173,41,0.08644706787108251,0.16281897821853042,0.306661872067892
Pernambuco,9345173,42,0.03911318981287344,0.12122711537889054,0.3757303756966887
Pernambuco,9345173,43,0.0232928405283982,0.09727311207324493,0.4062217452988657
Pernambuco,9345173,44,0.08691791566621636,0.15993608706760087,0.2942955057128409
Pernambuco,9345173,45,0.05282357457152307,0.1484722878338926,0.4173140578508687
Pernambuco,9345173,46,0.08899672687043393,0.16689980676554209,0.3129951682260049
Pernambuco,9345173,47,0.02961471324096002,0.09781461107777506,0.32307245599337225
Pernambuco,9345173,48,0.09649753458088244,0.1650534284572677,0.2823143033013358
Pernambuco,9345173,49,0.03628089894071362,0.10620509490202158,0.31089423119254034
Pernambuco,9345173,50,0.026999440494128415,0.08558483351530538,0.2712931673319475
Pernambuco,9345173,51,0.036775190897351526,0.0788763601777339,0.16917601358625886
Pernambuco,9345173,52,0.028793017209843765,0.06629077189780816,0.15262264481628726
Alagoas,3340932,1,,,
Alagoas,3340932,2,,,
Alagoas,3340932,3,,,
Alagoas,3340932,4,,,
Alagoas,3340932,5,,,
Alagoas,3340932,6,,,
Alagoas,3340932,7,,,
Alagoas,3340932,8,,,
Alagoas,3340932,9,,,
Alagoas,3340932,10,,,
Alagoas,3340932,11,,,
Alagoas,3340932,12,,,
Alagoas,3340932,13,,,
Alagoas,3340932,14,,,
Alagoas,3340932,15,,,
Alagoas,3340932,16,,,
Alagoas,3340932,17,,,
Alagoas,3340932,18,,,
Alagoas,3340932,19,,,
Alagoas,3340932,20,,,
Alagoas,3340932,21,,,
Alagoas,3340932,22,,,
Alagoas,3340932,23,,,
Alagoas,3340932,24,,,
Alagoas,3340932,25,,,
Alagoas,3340932,26,,,
Alagoas,3340932,27,,,
Alagoas,3340932,28,,,
Alagoas,3340932,29,,,
Alagoas,3340932,30,,,
Alagoas,3340932,31,,,
Alagoas,3340932,32,,,
Alagoas,3340932,33,,,
Alagoas,3340932,34,,,
Alagoas,3340932,35,,,
Alagoas,3340932,36,,,
Alagoas,3340932,37,,,
Alagoas,3340932,38,,,
Alagoas,3340932,39,,,
Alagoas,3340932,40,,,
Alagoas,3340932,41,,,
Alagoas,3340932,42,,,
Alagoas,3340932,43,,,
Alagoas,3340932,44,,,
Alagoas,3340932,45,,,
Alagoas,3340932,46,,,
Alagoas,3340932,47,,,
Alagoas,3340932,48,,,
Alagoas,3340932,49,,,
Alagoas,3340932,50,,,
Alagoas,3340932,51,,,
Alagoas,3340932,52,,,
Sergipe,2242937,1,,,
Sergipe,2242937,2,,,
Sergipe,2242937,3,,,
Sergipe,2242937,4,,,
Sergipe,2242937,5,,,
Sergipe,2242937,6,,,
Sergipe,2242937,7,,,
Sergipe,2242937,8,,,
Sergipe,2242937,9,,,
Sergipe,2242937,10,,,
Sergipe,2242937,11,,,
Sergipe,2242937,12,,,
Sergipe,2242937,13,,,
Sergipe,2242937,14,,,
Sergipe,2242937,15,,,
Sergipe,2242937,16,,,
Sergipe,2242937,17,,,
Sergipe,2242937,18,,,
Sergipe,2242937,19,,,
Sergipe,2242937,20,,,
Sergipe,2242937,21,,,
Sergipe,2242937,22,,,
Sergipe,2242937,23,,,
Sergipe,2242937,24,,,
Sergipe,2242937,25,,,
Sergipe,2242937,26,,,
Sergipe,2242937,27,,,
Sergipe,2242937,28,,,
Sergipe,2242937,29,,,
Sergipe,2242937,30,,,
Sergipe,2242937,31,,,
Sergipe,2242937,32,,,
Sergipe,2242937,33,,,
Sergipe,2242937,34,,,
Sergipe,2242937,35,,,
Sergipe,2242937,36,,,
Sergipe,2242937,37,,,
Sergipe,2242937,38,,,
Sergipe,2242937,39,,,
Sergipe,2242937,40,,,
Sergipe,2242937,41,,,
Sergipe,2242937,42,,,
Sergipe,2242937,43,,,
Sergipe,2242937,44,,,
Sergipe,2242937,45,,,
Sergipe,2242937,46,,,
Sergipe,2242937,47,,,
Sergipe,2242937,48,,,
Sergipe,2242937,49,,,
Sergipe,2242937,50,,,
Sergipe,2242937,51,,,
Sergipe,2242937,52,,,
Bahia,15203934,1,0.006113992835418874,0.014634184768868772,0.035027742036063174
Bahia,15203934,2,0.007822611940350442,0.022842585606897173,0.06670198153598435
Bahia,15203934,3,0.007092811373533259,0.019524325945845862,0.05374445809486356
Bahia,15203934,4,0.00583705195856262,0.014424216434111601,0.03564436657667334
Bahia,15203934,5,0.01312223680211507,0.013188172949129152,0.013254440409740803
Bahia,15203934,6,0.010138350561495982,0.020151617138082722,0.04005460955573313
Bahia,15203934,7,0.006129017473313454,0.013260509817199373,0.02868993625449367
Bahia,15203934,8,0.01441245422279813,0.028042564038556216,0.05456290689288671
Bahia,15203934,9,0.025780399125593483,0.04019338775265822,0.06266421288380056
Bahia,15203934,10,0.01812326564086846,0.031438513635126224,0.05453653658075802
Bahia,15203934,11,0.018197094268203016,0.039314386906412674,0.08493779254239936
Bahia,15203934,12,0.027398422644004338,0.050315276645430944,0.09240046760357026
Bahia,15203934,13,0.015195830546886134,0.034906858166086165,0.08018572879367519
Bahia,15203934,14,0.03347024026675565,0.06464102870170796,0.12484112926327852
Bahia,15203934,15,0.020739555384438713,0.0390445246846746,0.07350566970186867
Bahia,15203934,16,0.024059375448779844,0.03925550117804158,0.06404964152206927
Bahia,15203934,17,0.010033084991786498,0.02583157248292324,0.06650697542049852
Bahia,15203934,18,0.011312163458528812,0.02515763832271547,0.05594922388602703
Bahia,15203934,19,0.02080090448834283,0.03714970756535293,0.06634811351423069
Bahia,15203934,20,0.012132669103693632,0.029120291679823766,0.06989322631900127
Bahia,15203934,21,0.0107043336551414,0.022539029945520993,0.0474581498719531
Bahia,15203934,22,0.012391722383915737,0.02802118584038687,0.06336381913467155
Bahia,15203934,23,0.010827433458926556,0.03079332680446031,0.08757652303136872
Bahia,15203934,24,0.027353477563362368,0.05385207567440349,0.10602111002975513
Bahia,15203934,25,0.013354357470159796,0.03853621553111665,0.1112026475836809
Bahia,15203934,26,0.009396127042909581,0.0292703385464362,0.09118147452779532
Bahia,15203934,27,0.026316192318748512,0.03421325849497883,0.044480107253597835
Bahia,15203934,28,0.010008581124523262,0.02083511851329721,0.043372997437118505
Bahia,15203934,29,0.022581555242564614,0.03680550218642592,0.05998900326588642
Bahia,15203934,30,0.01167085391387836,0.028898537756913627,0.07155650226198747
Bahia,15203934,31,0.020937720802681817,0.03972611388563361,0.07537420807770977
Bahia,15203934,32,0.019797049892626668,0.040035453901975215,0.08096345555678743
Bahia,15203934,33,0.03733741256765156,0.059141172860208174,0.09367757663827372
Bahia,15203934,34,0.010776607006179205,0.029945756495548894,0.0832124927239642
Bahia,15203934,35,0.02182021913062519,0.050697713517169285,0.1177924997215794
Bahia,15203934,36,0.018639664767884655,0.04703324364067588,0.1186784223273466
Bahia,15203934,37,0.031904929981051725,0.050059879460229474,0.07854558944529917
Bahia,15203934,38,0.01637428827120991,0.036805502186425906,0.08273000748232864
Bahia,15203934,39,0.029897199363005004,0.04031840757562236,0.05437211591950981
Bahia,15203934,40,0.012889436540699106,0.028241695677376336,0.06187961531251517
Bahia,15203934,41,0.017838484188687314,0.03358522543927752,0.06323224304688516
Bahia,15203934,42,0.022062779031234714,0.030635364864603387,0.04253886507491583
Bahia,15203934,43,0.014442298849236517,0.02501367066742205,0.04332300049942026
Bahia,15203934,44,0.007909318198000713,0.017106629247489416,0.03699898738238043
Bahia,15203934,45,0.01170814811101812,0.03237794728900976,0.08953862393176826
Bahia,15203934,46,0.008449278904956782,0.019574255126306877,0.045347238274378004
Bahia,15203934,47,0.025675772187556817,0.029162056570152924,0.03312171245283672
Bahia,15203934,48,0.00373999991336359,0.012993751218519202,0.04514373653472207
Bahia,15203934,49,0.006227109659389668,0.012506835333711025,0.025119347276741824
Bahia,15203934,50,0.006330693057753949,0.009730910370580536,0.014957385514733338
Bahia,15203934,51,0.006013849508936081,0.01133208708615799,0.021353410579605096
Bahia,15203934,52,0.006818503524242367,0.012298115549322235,0.02218135482760298
Minas Gerais,20869101,1,0.01777164758298904,0.053096916071721054,0.1586393429850588
Minas Gerais,20869101,2,0.01794316187733697,0.06545942804894862,0.23880611175377903
Minas Gerais,20869101,3,0.026019332606156593,0.07276066937295197,0.20346851657322523
Minas Gerais,20869101,4,0.026827665832128044,0.07809528405968823,0.22733522291975028
Minas Gerais,20869101,5,0.017308942456078245,0.06145129461561963,0.2181682456636513
Minas Gerais,20869101,6,0.04200570351208789,0.09284813106105713,0.2052286885053707
Minas Gerais,20869101,7,0.024748081048233287,0.07723053024379611,0.24101079958939692
Minas Gerais,20869101,8,0.03142860669078129,0.09851838166786336,0.3088228384397881
Minas Gerais,20869101,9,0.022157787254284286,0.09380649041497922,0.3971361193692364
Minas Gerais,20869101,10,0.03270655166557393,0.10817951880789241,0.35781235543168627
Minas Gerais,20869101,11,0.03459581475380985,0.11439265560477789,0.37824458679274975
Minas Gerais,20869101,12,0.05106695544264403,0.1357174393799562,0.36068771267438643
Minas Gerais,20869101,13,0.0449687028972609,0.13301163108654748,0.39343127251690085
Minas Gerais,20869101,14,0.06700899036266812,0.16508387801710236,0.40670194601750753
Minas Gerais,20869101,15,0.061825918217767846,0.1901807446294297,0.5850089520774799
Minas Gerais,20869101,16,0.06599449486072176,0.17884137459299934,0.48465008079559846
Minas Gerais,20869101,17,0.05551341565592138,0.15770301400352166,0.4480041505632369
Minas Gerais,20869101,18,0.07995869788983928,0.20406971516376587,0.5208244974723694
Minas Gerais,20869101,19,0.06451696026153612,0.17612298152725378,0.4807930270785329
Minas Gerais,20869101,20,0.051804039130061146,0.1724194516216474,0.5738638877727703
Minas Gerais,20869101,21,0.1116666628014052,0.23816577405279524,0.5079666080023064
Minas Gerais,20869101,22,0.0777763339881717,0.20487514158241124,0.5396734647430987
Minas Gerais,20869101,23,0.06430269396961368,0.19972569873728085,0.6203527764318135
Minas Gerais,20869101,24,0.07819642734415663,0.21800335005992294,0.6077702300666645
Minas Gerais,20869101,25,0.1173442282754056,0.26394463094218645,0.5936957379761353
Minas Gerais,20869101,26,0.11182731446506328,0.24995127112462406,0.5586795876810023
Minas Gerais,20869101,27,0.10080453451330908,0.24696760052951633,0.6050620243006425
Minas Gerais,20869101,28,0.11557553328932264,0.2717650924846243,0.6390302808146295
Minas Gerais,20869101,29,0.11833828473156331,0.2572105501983629,0.5590521045950148
Minas Gerais,20869101,30,0.10926618652445753,0.2347173369911462,0.5042019863288973
Minas Gerais,20869101,31,0.09885710827859172,0.22552319674090396,0.5144871537705171
Minas Gerais,20869101,32,0.12850119969850463,0.25236326427581895,0.4956157398170032
Minas Gerais,20869101,33,0.14067977234505558,0.2712300479280541,0.5229304659280687
Minas Gerais,20869101,34,0.11279587197320742,0.22216823030526803,0.4375933417909022
Minas Gerais,20869101,35,0.09006881713346779,0.20467697420941178,0.46511839618635037
Minas Gerais,20869101,36,0.09416936897782484,0.2086336309150551,0.4622308975973863
Minas Gerais,20869101,37,0.08862032634502427,0.20495555487192324,0.4740084042267407
Minas Gerais,20869101,38,0.07535957253676967,0.17958405802987695,0.4279540450251688
Minas Gerais,20869101,39,0.0671365019545523,0.14848248805854683,0.3283913909452884
Minas Gerais,20869101,40,0.07593089300700916,0.15200323637377713,0.3042896369725238
Minas Gerais,20869101,41,0.08477504686155456,0.1443928563711781,0.2459367200949649
Minas Gerais,20869101,42,0.0855605396490443,0.15440194723882375,0.2786326665180962
Minas Gerais,20869101,43,0.06980143340745192,0.13304752695604913,0.2536000131371343
Minas Gerais,20869101,44,0.08267255581716566,0.13635334380071706,0.22489003977032193
Minas Gerais,20869101,45,0.08683662618011848,0.14277513911571865,0.23474818456477484
Minas Gerais,20869101,46,0.06501154743033567,0.1105350817944493,0.18793590969970417
Minas Gerais,20869101,47,0.06602789567443665,0.1062935582147487,0.17111435102612893
Minas Gerais,20869101,48,0.07125421340566751,0.10345589667479776,0.1502103811861757
Minas Gerais,20869101,49,0.05285477197841504,0.08960118344399307,0.151894933495177
Minas Gerais,20869101,50,0.055660848567195526,0.09854111904777288,0.17445569719377718
Minas Gerais,20869101,51,0.07862657423026655,0.10795297131663766,0.14821762400535515
Minas Gerais,20869101,52,0.07095185473545663,0.10925507084627711,0.16823620115542853
Espírito Santo,3929911,1,0.025593980722536196,0.025892381203669126,0.02619426073904163
Espírito Santo,3929911,2,0.04732287751543566,0.06051244522723865,0.07737813547338018
Espírito Santo,3929911,3,0.042232432991037676,0.07619259791760705,0.13746098830408626
Espírito Santo,3929911,4,0.0,0.0,0.0
Espírito Santo,3929911,5,0.0,0.0772191032854412,0.0772191032854412
Espírito Santo,3929911,6,0.013009063622748902,0.05118472658800682,0.20138853278476115
Espírito Santo,3929911,7,0.0,0.0,0.0
Espírito Santo,3929911,8,0.0,0.05638480373154632,0.05638480373154632
Espírito Santo,3929911,9,0.0,0.02794805128020241,0.02794805128020241
Espírito Santo,3929911,10,0.02326437819053857,0.0344706237827669,0.051074818946001146
Espírito Santo,3929911,11,0.01915363010752965,0.03824442596230142,0.07636338954937662
Espírito Santo,3929911,12,0.03320808863572424,0.06756918443931717,0.13748441639856787
Espírito Santo,3929911,13,0.017634220849098464,0.046886042572611704,0.1246610784186217
Espírito Santo,3929911,14,0.015028833814603125,0.05333525843992003,0.18927947623514138
Espírito Santo,3929911,15,0.04881094599532771,0.07648885192460281,0.11986132105089384
Espírito Santo,3929911,16,0.07763420966576097,0.09432831274411389,0.11461223890162911
Espírito Santo,3929911,17,0.06076236124325966,0.0991187968277652,0.16168785550073778
Espírito Santo,3929911,18,0.024524491676963033,0.02706966930053363,0.02987898814345555
Espírito Santo,3929911,19,0.024689680048951116,0.04131604390552019,0.06913882563963768
Espírito Santo,3929911,20,0.024624115084375175,0.04677755377021848,0.08886165164628103
Espírito Santo,3929911,21,0.05210532060493688,0.09483684362975496,0.17261244735153644
Espírito Santo,3929911,22,0.02407674830908336,0.05195217478904901,0.11210103750985531
Espírito Santo,3929911,23,0.04111780919240586,0.09080566151634771,0.20053763382277723
Espírito Santo,3929911,24,0.02257266802964105,0.04694408923127354,0.09762902244696751
Espírito Santo,3929911,25,0.03211744254152059,0.06948502642523402,0.15032856028538827
Espírito Santo,3929911,26,0.03417684048960617,0.07123224633812224,0.1484640723275178
Espírito Santo,3929911,27,0.027118716824363023,0.062497938859888656,0.14403308191283223
Espírito Santo,3929911,28,0.06521840456182568,0.10448722673389932,0.16740030094099664
Espírito Santo,3929911,29,0.026820756078573947,0.06776928810478489,0.17123590389378507
Espírito Santo,3929911,30,0.026138706591166495,0.051995606298482676,0.10343063704844777
Espírito Santo,3929911,31,0.050477193986721985,0.12726121553954028,0.3208462218573705
Espírito Santo,3929911,32,0.026395005727178386,0.06975458912107793,0.18434179381292165
Espírito Santo,3929911,33,0.03105388267950329,0.06567249896045906,0.13888366759877513
Espírito Santo,3929911,34,0.028659778174141254,0.047452816602895624,0.07856898925964967
Espírito Santo,3929911,35,0.02541843412133214,0.048560805137166464,0.0927732913960581
Espírito Santo,3929911,36,0.021900045849573398,0.03346379342171983,0.0511334760604327
Espírito Santo,3929911,37,0.05007264875094135,0.05291755415289131,0.0559240944383143
Espírito Santo,3929911,38,0.03772813867501332,0.08569121119702126,0.19462883498346634
Espírito Santo,3929911,39,0.022455118724652796,0.04672810835148646,0.09723912560351072
Espírito Santo,3929911,40,0.018144082616994135,0.036193067263558996,0.0721964370200558
Espírito Santo,3929911,41,0.02550053382619586,0.058936024657687554,0.1362110701731032
Espírito Santo,3929911,42,0.02558865491241414,0.037242457820884506,0.054203734791369154
Espírito Santo,3929911,43,0.020412334924551565,0.03474251321261701,0.0591329815423056
Espírito Santo,3929911,44,0.025405392572604837,0.025742679905086333,0.02608444513509794
Espírito Santo,3929911,45,0.025814925869933135,0.058936024657687554,0.13455219743617852
Espírito Santo,3929911,46,0.01527292682646285,0.054460476755017355,0.19419614603566368
Espírito Santo,3929911,47,0.024524491676963033,0.02706966930053363,0.02987898814345555
Espírito Santo,3929911,48,0.025106401362396953,0.026398601348168363,0.02775730950367407
Espírito Santo,3929911,49,0.025106401362396953,0.026398601348168363,0.02775730950367407
Espírito Santo,3929911,50,0.02132344896829118,0.03470736580691247,0.0564918575342163
Espírito Santo,3929911,51,0.04759415763031591,0.06608785154754653,0.09176765257819224
Espírito Santo,3929911,52,0.021455738756626208,0.033335970193089814,0.05179439036427362
Rio de Janeiro,16550024,1,0.003733809862739519,0.010537464816190797,0.02973856967397627
Rio de Janeiro,16550024,2,0.008684964623790975,0.016119689999085023,0.029918878996329182
Rio de Janeiro,16550024,3,0.007174953598220045,0.015630300500091038,0.03404987786732913
Rio de Janeiro,16550024,4,0.006322023494827405,0.022376103027453652,0.07919774216354598
Rio de Janeiro,16550024,5,0.007521212648614558,0.012604049726710894,0.02112186916330095
Rio de Janeiro,16550024,6,0.0053714220230539345,0.013190611868066911,0.032392212100858894
Rio de Janeiro,16550024,7,0.007037483673742057,0.014864093678789188,0.03139492624561061
Rio de Janeiro,16550024,8,0.0091578570351703,0.01596315849663722,0.02782555222364009
Rio de Janeiro,16550024,9,0.007193957204298358,0.015744402400156444,0.03445755929572961
Rio de Janeiro,16550024,10,0.0058872404138217765,0.01416417760114276,0.0340777534149445
Rio de Janeiro,16550024,11,0.01433057246191143,0.025094183668449597,0.04394228183553596
Rio de Janeiro,16550024,12,0.02806635232545266,0.041016861878727155,0.05994305704104166
Rio de Janeiro,16550024,13,0.024409891882309357,0.04467065108252188,0.08174829604970896
Rio de Janeiro,16550024,14,0.015034267830825686,0.038055459550581136,0.09632780378147487
Rio de Janeiro,16550024,15,0.033282535762195406,0.06274749975658735,0.11829773890531282
Rio de Janeiro,16550024,16,0.03468683126304243,0.059782356427379856,0.10303420663905324
Rio de Janeiro,16550024,17,0.017780805271809242,0.05364354084863632,0.16183909731814447
Rio de Janeiro,16550024,18,0.052742537557757666,0.08964767114590132,0.15237615241934038
Rio de Janeiro,16550024,19,0.06411767435008218,0.1045550618237583,0.17049528174216924
Rio de Janeiro,16550024,20,0.07320503444450019,0.11714213914389937,0.18744995979220686
Rio de Janeiro,16550024,21,0.09048089717339827,0.1218105281553212,0.1639882586602011
Rio de Janeiro,16550024,22,0.05063097464797576,0.08696952001486967,0.14938873810360695
Rio de Janeiro,16550024,23,0.07000715364666453,0.114842551025583,0.1883923404832217
Rio de Janeiro,16550024,24,0.04261051493592629,0.07687387594548305,0.13868860331230007
Rio de Janeiro,16550024,25,0.03433482697996152,0.06967385833853142,0.14138549580025242
Rio de Janeiro,16550024,26,0.03872204946240587,0.0630665353945715,0.10271635778308352
Rio de Janeiro,16550024,27,0.04965102880884357,0.07716842050000662,0.1199363893423529
Rio de Janeiro,16550024,28,0.029876175030300992,0.06551927726448684,0.14368558521654412
Rio de Janeiro,16550024,29,0.0470066281758199,0.09198038558551773,0.17998294412472932
Rio de Janeiro,16550024,30,0.048201654709654054,0.08046907781942064,0.13433714099883542
Rio de Janeiro,16550024,31,0.024886907475721916,0.04961333546767326,0.09890674679564554
Rio de Janeiro,16550024,32,0.024866499293430232,0.05247894196744174,0.11075299814114725
Rio de Janeiro,16550024,33,0.02667141707865869,0.050214479925089706,0.09453918352785338
Rio de Janeiro,16550024,34,0.019163477481332583,0.037148335304299764,0.07201192044736979
Rio de Janeiro,16550024,35,0.011617786315217992,0.03338341981673464,0.09592642594919684
Rio de Janeiro,16550024,36,0.015069777148006117,0.0325407350206371,0.07026642964149078
Rio de Janeiro,16550024,37,0.00957511469507281,0.025879890249912562,0.0699488978123856
Rio de Janeiro,16550024,38,0.007252244220260203,0.027087865711064512,0.10117591830826934
Rio de Janeiro,16550024,39,0.010740332080227828,0.02876534226962954,0.07704090615710123
Rio de Janeiro,16550024,40,0.009940765214270222,0.02458607739338847,0.06080771334644822
Rio de Janeiro,16550024,41,0.01146835944316202,0.026963692479086657,0.06339535447158051
Rio de Janeiro,16550024,42,0.016710481851170255,0.03475406766399233,0.07228069363593909
Rio de Janeiro,16550024,43,0.007661762007206619,0.02156558921752768,0.060700741926165154
Rio de Janeiro,16550024,44,0.022208667013768182,0.031968341923612344,0.046016939454827294
Rio de Janeiro,16550024,45,0.013098665258072944,0.02888665781426072,0.06370412429342069
Rio de Janeiro,16550024,46,0.004423643585595052,0.013317065868207821,0.040090084091693394
Rio de Janeiro,16550024,47,0.007431611359289074,0.01942283282668727,0.05076240088119046
Rio de Janeiro,16550024,48,0.007345349449051051,0.01646296988151655,0.03689809167006145
Rio de Janeiro,16550024,49,0.016082907860632045,0.024633177503890356,0.037729087251907156
Rio de Janeiro,16550024,50,0.014752876644609454,0.024939007774684732,0.04215815828793234
Rio de Janeiro,16550024,51,0.005536790388055788,0.010072072094554654,0.018322282255212662
Rio de Janeiro,16550024,52,0.009795707759686382,0.018487176105771642,0.034890350830224875
São Paulo,44396484,1,0.013210539650726336,0.04547694482084784,0.15655321924148102
São Paulo,44396484,2,0.03283068739460116,0.05305503898726886,0.08573799043889362
São Paulo,44396484,3,0.009433876430962681,0.03697763859635543,0.1449399688631647
São Paulo,44396484,4,0.016432552096518865,0.048791907992907446,0.14487404461615386
São Paulo,44396484,5,0.008528109934341666,0.03292906313966594,0.12714695373351928
São Paulo,44396484,6,0.012623369736859472,0.04037057908832158,0.12910844646873954
São Paulo,44396484,7,0.04149278689933831,0.07568187867077233,0.1380419872261905
São Paulo,44396484,8,0.03598364012856321,0.07851186075451318,0.17130318825757423
São Paulo,44396484,9,0.033245475101072,0.08985820705848598,0.2428750785247577
São Paulo,44396484,10,0.04334943941983213,0.11713912289021985,0.31653406122738653
São Paulo,44396484,11,0.047247199052171986,0.12690876707297127,0.3408844435877999
São Paulo,44396484,12,0.06952932049489655,0.15156359253377114,0.33038612226088293
São Paulo,44396484,13,0.06976968563507117,0.16067343495343417,0.37001675533934925
São Paulo,44396484,14,0.05766636222707833,0.16884168628595372,0.4943525814170079
São Paulo,44396484,15,0.05675896886554132,0.16805244891494128,0.49757115308440003
São Paulo,44396484,16,0.07908594086433483,0.1806858597593856,0.4128088957428241
São Paulo,44396484,17,0.08324049010136637,0.19098038681553328,0.4381702715084328
São Paulo,44396484,18,0.07533337689614207,0.19121098055479382,0.4853312116239159
São Paulo,44396484,19,0.12929872404363185,0.24605948737451094,0.46825884613197033
São Paulo,44396484,20,0.17666862328851254,0.2745884798143425,0.4267811218725571
São Paulo,44396484,21,0.19349146434469042,0.2735876860407527,0.38683991672001317
São Paulo,44396484,22,0.17682468127161685,0.2558393927339512,0.3701620973032303
São Paulo,44396484,23,0.19505125050720132,0.26880588031589747,0.37044931065303205
São Paulo,44396484,24,0.25500376092339916,0.30065289741779544,0.3544738493204751
São Paulo,44396484,25,0.20870344863480916,0.2634464734715779,0.3325486226442502
São Paulo,44396484,26,0.18769416533767666,0.27770076508383773,0.41086900484843514
São Paulo,44396484,27,0.1551745481458152,0.24754556848623796,0.3949024450813412
São Paulo,44396484,28,0.1235260428285253,0.22613297495323775,0.4139703757222037
São Paulo,44396484,29,0.12232360081957132,0.22847178628315354,0.42673169182134874
São Paulo,44396484,30,0.0840172220948918,0.16951043552148384,0.34199878351405444
São Paulo,44396484,31,0.09353914015253562,0.1738306071191734,0.3230420968393016
São Paulo,44396484,32,0.08006759082686583,0.140283293341381,0.24578486985149484
São Paulo,44396484,33,0.09344890738440935,0.15161728920963433,0.24599327087598552
São Paulo,44396484,34,0.10602388581315979,0.15253038310058936,0.21943656931997502
São Paulo,44396484,35,0.08265154922175841,0.13064770416329,0.20651545874042856
São Paulo,44396484,36,0.08915894004558467,0.12720468076827157,0.1814852307697348
São Paulo,44396484,37,0.06485883348754304,0.10717985884250267,0.1771157685669003
São Paulo,44396484,38,0.08302226295833542,0.11001561760417948,0.14578542773404204
São Paulo,44396484,39,0.04053470501887766,0.06856020087180013,0.11596238683351673
São Paulo,44396484,40,0.04460592003759393,0.07492697416455787,0.12585888717741484
São Paulo,44396484,41,0.0619905083767081,0.09465388980810054,0.14452791387609218
São Paulo,44396484,42,0.061459214746880854,0.08004404697518326,0.10424880113670038
São Paulo,44396484,43,0.04376427738413503,0.07122396526361213,0.11591310381629165
São Paulo,44396484,44,0.04509252539899285,0.058240598890691005,0.07522238617449709
São Paulo,44396484,45,0.03679028223613911,0.05015526213387694,0.06837540151423149
São Paulo,44396484,46,0.03451662038123179,0.04992559367769382,0.07221346923714173
São Paulo,44396484,47,0.047785475403017405,0.057343791410036864,0.06881401483493828
São Paulo,44396484,48,0.04104784009001166,0.04987426921811148,0.06059862649498924
São Paulo,44396484,49,0.028606738683559958,0.046674730651325415,0.0761544510708506
São Paulo,44396484,50,0.032982483745041015,0.04644516934921883,0.06540301126357558
São Paulo,44396484,51,0.03379711169376082,0.0461445375715472,0.06300296803424825
São Paulo,44396484,52,0.016514327938717654,0.029619611384152925,0.053124861138997455
Paraná,11163018,1,0.016513607685545873,0.07651131347097388,0.3544943782440428
Paraná,11163018,2,0.0734921307860898,0.15805346990473004,0.3399125740636936
Paraná,11163018,3,0.05430142443039338,0.1438732447363057,0.38119645604300323
Paraná,11163018,4,0.04511025580197676,0.12258162052298925,0.33310060922739615
Paraná,11163018,5,0.052027026479940036,0.13217935354745144,0.33581357010588675
Paraná,11163018,6,0.0793914154922902,0.16783589770892426,0.3548102573192691
Paraná,11163018,7,0.06413282001473311,0.1496488253460899,0.3491936097979132
Paraná,11163018,8,0.08796572304869445,0.20266556244012257,0.4669242606740652
Paraná,11163018,9,0.11441967749034598,0.2837851641474253,0.7038476349225514
Paraná,11163018,10,0.11696129138095789,0.3138713955646087,0.8422893744631996
Paraná,11163018,11,0.12055757087911291,0.3313171836321013,0.9105282676936036
Paraná,11163018,12,0.19639938445159488,0.37893299988490337,0.7311133830827347
Paraná,11163018,13,0.16507079281533757,0.3301959491638582,0.660500643297878
Paraná,11163018,14,0.20004512079189496,0.4202954109118831,0.8830419444089024
Paraná,11163018,15,0.2569346128577208,0.48423162462699215,0.9126067666824678
Paraná,11163018,16,0.23787542523604296,0.4321626851223261,0.7851361115878739
Paraná,11163018,17,0.31574850117073044,0.49534060298811,0.7770814811752755
Paraná,11163018,18,0.48690045864922177,0.6395596508911473,0.840082484585805
Paraná,11163018,19,0.47235143475181035,0.6647441976182848,0.9355001716028635
Paraná,11163018,20,0.4648056382962,0.6658927966326997,0.9539755546699082
Paraná,11163018,21,0.40720481657052954,0.6757917070889912,1.121534944543446
Paraná,11163018,22,0.3914276345262062,0.6741900431199324,1.1612164654450967
Paraná,11163018,23,0.4799938165063163,0.7987623202580468,1.3292280490359667
Paraná,11163018,24,0.6061271551310824,0.9575631938863325,1.5127638854713534
Paraná,11163018,25,0.4862089021131539,1.019432122484519,2.137438964684839
Paraná,11163018,26,0.448777627870031,1.0736530406174905,2.568601418698664
Paraná,11163018,27,0.5529870039738735,1.198863314881267,2.599108545842075
Paraná,11163018,28,0.4132294175795643,0.9608051309292115,2.2339805937029014
Paraná,11163018,29,0.4599994924103804,0.9423564023668254,1.9305142804146855
Paraná,11163018,30,0.3603145652481489,0.7468325938359218,1.5479777311571126
Paraná,11163018,31,0.4403148277386943,0.7588339179564313,1.307766349814671
Paraná,11163018,32,0.3013837363646067,0.5915487873574249,1.161077807465706
Paraná,11163018,33,0.36655188434585834,0.588963657542007,0.9463276679760924
Paraná,11163018,34,0.3316029167143283,0.5578303048345068,0.9383953919194017
Paraná,11163018,35,0.20415415159412312,0.370945086416426,0.6740017582892532
Paraná,11163018,36,0.2829117821944127,0.437532333953942,0.6766580796682156
Paraná,11163018,37,0.20318352758261796,0.3492578589569975,0.6003491202977878
Paraná,11163018,38,0.22338379627586855,0.31820990633096685,0.45328956788841734
Paraná,11163018,39,0.1570252902096966,0.23678434216134664,0.3570560170142545
Paraná,11163018,40,0.15313523569818402,0.23367095864462661,0.3565614188331857
Paraná,11163018,41,0.1791848760088959,0.253746514181886,0.3593344198104167
Paraná,11163018,42,0.10848503989866659,0.19920346613701914,0.36578334633114956
Paraná,11163018,43,0.121877021808538,0.1822908284964464,0.27265144537354413
Paraná,11163018,44,0.10849175184038756,0.15361817621709856,0.2175146374167281
Paraná,11163018,45,0.0955471755777215,0.14050073610388283,0.206604294960821
Paraná,11163018,46,0.07264224117019198,0.12702370583207173,0.222116245085422
Paraná,11163018,47,0.07007951922627441,0.13788646208996533,0.2713014677840307
Paraná,11163018,48,0.07954218777483374,0.1307722328106403,0.21499756736249825
Paraná,11163018,49,0.1160297610124682,0.16318404889128393,0.2295017552409805
Paraná,11163018,50,0.07507111028212353,0.12678389109086388,0.21411905298498998
Paraná,11163018,51,0.05781479997461849,0.0892272475104545,0.1377069833638985
Paraná,11163018,52,0.04567279626555754,0.08171046446361052,0.14618329834763963
Santa Catarina,6819190,1,0.021906897650119675,0.05903663555790471,0.15909712062665432
Santa Catarina,6819190,2,0.019840453848519346,0.05417477033437711,0.1479253329178018
Santa Catarina,6819190,3,0.016097752887814485,0.057322354697178335,0.20411869724478224
Santa Catarina,6819190,4,0.012100702568092354,0.03642083437078885,0.10961984800470564
Santa Catarina,6819190,5,0.021854984921208798,0.05706124412093744,0.1489813693474344
Santa Catarina,6819190,6,0.026868328244584693,0.07940522000872624,0.23466993953764229
Santa Catarina,6819190,7,0.0722975898144305,0.09596519126242678,0.1273807046358271
Santa Catarina,6819190,8,0.05978974727566533,0.09670629024047254,0.1564165596645842
Santa Catarina,6819190,9,0.0645965683209883,0.13057665022931467,0.26394995939078264
Santa Catarina,6819190,10,0.062468136365081604,0.11873849896265169,0.2256963622782989
Santa Catarina,6819190,11,0.06502923075069372,0.12113846913310625,0.22566049966316096
Santa Catarina,6819190,12,0.04818277909934847,0.1216017222089908,0.3068934403659692
Santa Catarina,6819190,13,0.08116504635651524,0.1975800994978572,0.4809693023042243
Santa Catarina,6819190,14,0.054726943454573955,0.16505008277137603,0.4977718122600777
Santa Catarina,6819190,15,0.10480627690001626,0.18452061737957773,0.32486468602087354
Santa Catarina,6819190,16,0.21505072606984016,0.33428938976577116,0.5196420312186241
Santa Catarina,6819190,17,0.055403700557999716,0.16123572833173716,0.4692278643635124
Santa Catarina,6819190,18,0.13961108248820236,0.27582866479233126,0.5449528143838396
Santa Catarina,6819190,19,0.07768756045408799,0.22632630712574106,0.6593539171235467
Santa Catarina,6819190,20,0.13418197424606854,0.3762328284283218,1.0549192019458036
Santa Catarina,6819190,21,0.06808003302979046,0.20744677798172942,0.6321114103480246
Santa Catarina,6819190,22,0.08645311122738591,0.2743987364257544,0.8709306754040727
Santa Catarina,6819190,23,0.11994875044647654,0.2769681081927496,0.6395342400011139
Santa Catarina,6819190,24,0.20710811594246153,0.3480113308792657,0.5847761487724841
Santa Catarina,6819190,25,0.13575048563714007,0.302527729027854,0.6742003640074702
Santa Catarina,6819190,26,0.1766308469126241,0.3048870403910251,0.5262733493226253
Santa Catarina,6819190,27,0.09906007714215659,0.2444603516183578,0.6032789922787063
Santa Catarina,6819190,28,0.2405906659798523,0.3585141708900609,0.5342368965375881
Santa Catarina,6819190,29,0.20183014619801362,0.30963212321098843,0.4750135375222172
Santa Catarina,6819190,30,0.14260149359183527,0.26548080050771483,0.49424486141744367
Santa Catarina,6819190,31,0.10906016030973811,0.22849532172483747,0.4787276297949388
Santa Catarina,6819190,32,0.0915697552226448,0.22913138142025088,0.5733464048680691
Santa Catarina,6819190,33,0.101251793988377,0.22731992408099488,0.510354887046457
Santa Catarina,6819190,34,0.12750235980436067,0.23671264708326684,0.4394654136217083
Santa Catarina,6819190,35,0.054833075016561345,0.12453398833047144,0.2828350269396686
Santa Catarina,6819190,36,0.06735179719005727,0.15290607061260286,0.3471364893829109
Santa Catarina,6819190,37,0.09935995429850214,0.16913285510747553,0.28790193070003806
Santa Catarina,6819190,38,0.14698165405971306,0.1663607026118469,0.18829481509483972
Santa Catarina,6819190,39,0.06668619231579381,0.12104517798256761,0.21971467561750913
Santa Catarina,6819190,40,0.02744436928246034,0.09670629024047254,0.34076595005050575
Santa Catarina,6819190,41,0.04509431279118872,0.10391767171061225,0.2394732689188391
Santa Catarina,6819190,42,0.02721062842279872,0.07679820451112314,0.21675222359769616
Santa Catarina,6819190,43,0.0427356845980716,0.09725113596740827,0.2213088086900122
Santa Catarina,6819190,44,0.04469586328478307,0.07734098177422431,0.1338295542853375
Santa Catarina,6819190,45,0.07576900399040605,0.14084414876755844,0.2618098852740617
Santa Catarina,6819190,46,0.044398694851402104,0.08177813161434519,0.1506274639990227
Santa Catarina,6819190,47,0.031105045908383575,0.09210335315847538,0.27272191425213277
Santa Catarina,6819190,48,0.043194526854947686,0.07389488357819192,0.12641540992847047
Santa Catarina,6819190,49,0.03935721317563011,0.07509682053430394,0.1432909497223609
Santa Catarina,6819190,50,0.015495654264933035,0.037548410267151965,0.09098571054085507
Santa Catarina,6819190,51,0.01488424763389108,0.03855058094484632,0.09984698775107888
Santa Catarina,6819190,52,0.013399108345801547,0.03157432359212386,0.0744033024117256
Rio Grande do Sul,11247972,1,0.011854826778241463,0.025435226552046,0.054572771231152006
Rio Grande do Sul,11247972,2,0.0436600464003859,0.08231925005427806,0.15520961355274385
Rio Grande do Sul,11247972,3,0.01989241112993261,0.0478439374916756,0.11507113641256804
Rio Grande do Sul,11247972,4,0.02006214127014515,0.04327717997243735,0.0933556533745404
Rio Grande do Sul,11247972,5,0.03173287741444726,0.05779999399784605,0.10528006214242744
Rio Grande do Sul,11247972,6,0.028009953717805024,0.05466385932389684,0.10668127288919158
Rio Grande do Sul,11247972,7,0.04897499606311756,0.07304723223592166,0.10895147659536147
Rio Grande do Sul,11247972,8,0.019279370645218934,0.048307403575429175,0.12104156733861512
Rio Grande do Sul,11247972,9,0.009010405259597723,0.028197746846467857,0.08824385855126192
Rio Grande do Sul,11247972,10,0.05528521686354646,0.10203088453036531,0.18830171949480046
Rio Grande do Sul,11247972,11,0.04189285171625379,0.09890222100419091,0.2334920856143744
Rio Grande do Sul,11247972,12,0.024139539920039324,0.07202781830074291,0.21491737731331137
Rio Grande do Sul,11247972,13,0.03566611322639669,0.08593475702792351,0.2070531885146019
Rio Grande do Sul,11247972,14,0.0670793049699639,0.1245602885150972,0.23129734993395543
Rio Grande do Sul,11247972,15,0.04439005890579712,0.1268171450018662,0.3623015752367936
Rio Grande do Sul,11247972,16,0.10153978796991465,0.19650820095549368,0.3802989332044511
Rio Grande do Sul,11247972,17,0.17658936103857747,0.2845904575651098,0.458644439624113
Rio Grande do Sul,11247972,18,0.1416968251917894,0.28423218800094724,0.5701464135590742
Rio Grande do Sul,11247972,19,0.16534601356305956,0.34649487468095813,0.7261057922898454
Rio Grande do Sul,11247972,20,0.20979189783476684,0.38267671456233,0.6980320468980029
Rio Grande do Sul,11247972,21,0.19055160646715863,0.389436820544653,0.7959053193396555
Rio Grande do Sul,11247972,22,0.22066610579614102,0.42226730806875246,0.8080519607680908
Rio Grande do Sul,11247972,23,0.2909260695950662,0.5551459280768541,1.0593309904790271
Rio Grande do Sul,11247972,24,0.23103457090023177,0.5642492607655573,1.3780501638084435
Rio Grande do Sul,11247972,25,0.18288919679822319,0.5210017990010101,1.4841930486564747
Rio Grande do Sul,11247972,26,0.29650887037164825,0.6085467860743465,1.2489649647824732
Rio Grande do Sul,11247972,27,0.2899612544453521,0.6223812448632756,1.3358971518402114
Rio Grande do Sul,11247972,28,0.24723037914117135,0.5571025560537981,1.255360522601692
Rio Grande do Sul,11247972,29,0.17835805336472776,0.49673801624527625,1.383445558685883
Rio Grande do Sul,11247972,30,0.30026255362621423,0.5154511068351569,0.8848584025177373
Rio Grande do Sul,11247972,31,0.18769363882711376,0.4344044921510253,1.0054004172981594
Rio Grande do Sul,11247972,32,0.1776332129266591,0.33073409643239743,0.6157916120569021
Rio Grande do Sul,11247972,33,0.16716525040337865,0.35657331414035814,0.7605918577589065
Rio Grande do Sul,11247972,34,0.10280882798776593,0.274565782737347,0.7332674686179954
Rio Grande do Sul,11247972,35,0.07576960408739017,0.21960808882254415,0.6365047469519067
Rio Grande do Sul,11247972,36,0.03703026752952136,0.15835330880308454,0.677169571861561
Rio Grande do Sul,11247972,37,0.051141990768324715,0.15400214371995394,0.4637414366167084
Rio Grande do Sul,11247972,38,0.07253696808786576,0.16999036103805606,0.39837235560832046
Rio Grande do Sul,11247972,39,0.02731448101157112,0.10717234540460867,0.4205063099920887
Rio Grande do Sul,11247972,40,0.02771681541345122,0.10926927406252229,0.43077727639504076
Rio Grande do Sul,11247972,41,0.02922432982156327,0.10803843379725181,0.3994036218668295
Rio Grande do Sul,11247972,42,0.03757718852569768,0.12238228323285662,0.39857753698216747
Rio Grande do Sul,11247972,43,0.025175700851040813,0.08944281803385516,0.31776742761489357
Rio Grande do Sul,11247972,44,0.01834799973145258,0.08090465589194837,0.3567453368649235
Rio Grande do Sul,11247972,45,0.019590405428875305,0.08816386097163552,0.3967690413374013
Rio Grande do Sul,11247972,46,0.03745665363325506,0.09770606113055894,0.2548672520273646
Rio Grande do Sul,11247972,47,0.017749769798832304,0.06730924942632163,0.25524472202635706
Rio Grande do Sul,11247972,48,0.033169035375235134,0.07982778573843859,0.19212121497690327
Rio Grande do Sul,11247972,49,0.019882937962022,0.06414921316533535,0.20696747923228676
Rio Grande do Sul,11247972,50,0.021466199103482037,0.06294228238600308,0.1845567020440391
Rio Grande do Sul,11247972,51,0.01609924913467257,0.043317566457377076,0.11655273783844346
Rio Grande do Sul,11247972,52,0.034827289407087555,0.07693526318919768,0.16995393045967447
Mato Grosso do Sul,2651235,1,0.027206540541875313,0.05432152949942867,0.108460263906596
Mato Grosso do Sul,2651235,2,0.0,0.0773015871175359,0.0773015871175359
Mato Grosso do Sul,2651235,3,0.0,0.0773015871175359,0.0773015871175359
Mato Grosso do Sul,2651235,4,0.055054689042360466,0.107324448516757,0.20921991295897377
Mato Grosso do Sul,2651235,5,0.030948256319294164,0.048102234547036306,0.07476430802906264
Mato Grosso do Sul,2651235,6,0.02672832864233603,0.053997057376951534,0.10908584088387535
Mato Grosso do Sul,2651235,7,0.03319068137724069,0.08225366405683292,0.20384231266230163
Mato Grosso do Sul,2651235,8,0.04063557048433567,0.09724518646144341,0.23271794088792888
Mato Grosso do Sul,2651235,9,0.042086269048536636,0.141976900186247,0.4789552659858888
Mato Grosso do Sul,2651235,10,0.04558853002356736,0.1124588963866179,0.2774163450753532
Mato Grosso do Sul,2651235,11,0.2730203134763247,0.42593070055874094,0.6644815521911399
Mato Grosso do Sul,2651235,12,0.06617339480550377,0.2616820160105539,1.0348188679848773
Mato Grosso do Sul,2651235,13,0.06503507808608688,0.17022903731025926,0.44557377335996395
Mato Grosso do Sul,2651235,14,0.3220525158752647,0.3673791353958345,0.41908515683344516
Mato Grosso do Sul,2651235,15,0.2575804118796855,0.40839685813327187,0.6475181575959029
Mato Grosso do Sul,2651235,16,0.04594352976239275,0.16067229860721507,0.5618982188185622
Mato Grosso do Sul,2651235,17,0.11780791949399884,0.2001133598678773,0.33992075379661113
Mato Grosso do Sul,2651235,18,0.09137136347700785,0.19295535709662132,0.4074774460562081
Mato Grosso do Sul,2651235,19,0.0665844786431749,0.22049365680555202,0.7301619488833827
Mato Grosso do Sul,2651235,20,0.058128818755121874,0.21923961359683322,0.8268877503356031
Mato Grosso do Sul,2651235,21,0.19607997195384602,0.3772761944313143,0.7259146636255065
Mato Grosso do Sul,2651235,22,0.2162293265356074,0.400900824029624,0.7432917323597401
Mato Grosso do Sul,2651235,23,0.2822967628044756,0.6188182685746897,1.3565017385162368
Mato Grosso do Sul,2651235,24,0.38095566960134,0.7115024294181563,1.328857259422601
Mato Grosso do Sul,2651235,25,0.5002985627411182,0.7701928586507227,1.185686075663433
Mato Grosso do Sul,2651235,26,0.4992619736356376,0.8168120176349415,1.336336247069709
Mato Grosso do Sul,2651235,27,0.47443176903242273,0.9103166146434419,1.7466712665257138
Mato Grosso do Sul,2651235,28,0.3115816768387938,0.8256942808510199,2.188097362935812
Mato Grosso do Sul,2651235,29,0.38338946404942154,0.6386341706013333,1.0638101515671223
Mato Grosso do Sul,2651235,30,0.10039597847818263,0.34993439905430196,1.2197110431879132
Mato Grosso do Sul,2651235,31,0.22904724590486816,0.4860134764001474,1.0312680176938824
Mato Grosso do Sul,2651235,32,0.06687071655378722,0.25983941647155134,1.0096575277157323
Mato Grosso do Sul,2651235,33,0.18931168924004857,0.3363305472984251,0.5975237847179284
Mato Grosso do Sul,2651235,34,0.15100685602010058,0.3010188441282042,0.6000545068511237
Mato Grosso do Sul,2651235,35,0.046677122797708324,0.14061733410412958,0.4236172554218188
Mato Grosso do Sul,2651235,36,0.1347193598548631,0.2340152367453149,0.406497856640379
Mato Grosso do Sul,2651235,37,0.12215933042352733,0.22491779277323573,0.41411501954533614
Mato Grosso do Sul,2651235,38,0.0843756350577144,0.11245889638661785,0.14988928222993855
Mato Grosso do Sul,2651235,39,0.05430479614261732,0.10161808409869985,0.19015327833606605
Mato Grosso do Sul,2651235,40,0.058317887104247366,0.1220845461774307,0.25557572736999395
Mato Grosso do Sul,2651235,41,0.038693918260589,0.10363312277618515,0.2775584541223038
Mato Grosso do Sul,2651235,42,0.036962404308204654,0.11593322848308206,0.3636266016257791
Mato Grosso do Sul,2651235,43,0.019278626726843804,0.07588984533330538,0.29873853082562835
Mato Grosso do Sul,2651235,44,0.02543348292664921,0.06176138067789984,0.14997820606172893
Mato Grosso do Sul,2651235,45,0.06247002241576531,0.09408764903786204,0.14170774011500653
Mato Grosso do Sul,2651235,46,0.036354597889592874,0.06686845986415987,0.12299382152937446
Mato Grosso do Sul,2651235,47,0.03807616237330287,0.061515194069293164,0.09938289117172268
Mato Grosso do Sul,2651235,48,0.03664943606356881,0.054597868850989426,0.08133623878685046
Mato Grosso do Sul,2651235,49,0.04718092875461235,0.07952044823973281,0.13402664710431006
Mato Grosso do Sul,2651235,50,0.03127938001595127,0.08740756095666127,0.24425297779228067
Mato Grosso do Sul,2651235,51,0.06116449369617365,0.09620446909407263,0.15131818011356105
Mato Grosso do Sul,2651235,52,0.02626758234947628,0.055658974981084346,0.11793706229712228
Mato Grosso,3265486,1,0.017777140510999857,0.05537731856791424,0.17250510057423055
Mato Grosso,3265486,2,0.024847074544489763,0.0390817933159049,0.06147148494492812
Mato Grosso,3265486,3,0.0,0.031013935491634444,0.031013935491634444
Mato Grosso,3265486,4,0.0,0.09304180647490336,0.09304180647490336
Mato Grosso,3265486,5,0.0,0.09304180647490336,0.09304180647490336
Mato Grosso,3265486,6,0.03081823562857266,0.031219118823816967,0.03162521670228215
Mato Grosso,3265486,7,0.061127705113910115,0.06375892601351121,0.06650340690560828
Mato Grosso,3265486,8,0.03168456543734668,0.05046175238578058,0.08036684166866931
Mato Grosso,3265486,9,0.028033513152468707,0.06357782404542778,0.14418955228219096
Mato Grosso,3265486,10,0.07870900576391986,0.11075463713582849,0.15584734590450175
Mato Grosso,3265486,11,0.024206185039449924,0.04144766846766658,0.07096984587227799
Mato Grosso,3265486,12,0.03692424091078312,0.05861585487571776,0.0930504827739825
Mato Grosso,3265486,13,0.0795358497512094,0.10675670218444536,0.14329379137770587
Mato Grosso,3265486,14,0.027058253534001594,0.05666703960851747,0.11867555952782131
Mato Grosso,3265486,15,0.03269411646261423,0.07196753840336341,0.15841769542119774
Mato Grosso,3265486,16,0.0,0.4341950968828824,0.4341950968828824
Mato Grosso,3265486,17,0.07453186068029033,0.16046841588788271,0.3454913410524314
Mato Grosso,3265486,18,0.02826622103488669,0.0858264022499117,0.26059979202993505
Mato Grosso,3265486,19,0.023093162250477885,0.06856905086686582,0.20359770073003045
Mato Grosso,3265486,20,0.027015765332034498,0.05600409604990172,0.11609735041070618
Mato Grosso,3265486,21,0.07911187319100671,0.14876792479001608,0.27975441047758937
Mato Grosso,3265486,22,0.0326854930670308,0.07939968694728333,0.19287793133173278
Mato Grosso,3265486,23,0.032839190429337875,0.09585003798218276,0.2797641982360866
Mato Grosso,3265486,24,0.04093473975256356,0.07876424262012251,0.1515535692426872
Mato Grosso,3265486,25,0.03124728123674927,0.07770981628721434,0.19325891112377735
Mato Grosso,3265486,26,0.06114051889429869,0.1545722802242446,0.390781600251521
Mato Grosso,3265486,27,0.03740208124063414,0.05822941833734897,0.09065445150208183
Mato Grosso,3265486,28,0.038570027303235374,0.06486910679873477,0.10910028618291068
Mato Grosso,3265486,29,0.03867189749056985,0.06444144446861046,0.1073828809722523
Mato Grosso,3265486,30,0.031880324942010665,0.06452261914272715,0.13058738857304922
Mato Grosso,3265486,31,0.04979322652582387,0.0759878073855274,0.11596249679191634
Mato Grosso,3265486,32,0.0285243789071703,0.06203847982247119,0.1349292474065292
Mato Grosso,3265486,33,0.021195109938911345,0.04492974364644127,0.09524281166519943
Mato Grosso,3265486,34,0.027132008486470665,0.037452196272340095,0.05169786845383464
Mato Grosso,3265486,35,0.02002910139704566,0.055377318567914266,0.153109585446734
Mato Grosso,3265486,36,0.02956137635728,0.03177012640937182,0.034143908587628974
Mato Grosso,3265486,37,0.023483377497940685,0.04144766846766658,0.07315426503518287
Mato Grosso,3265486,38,0.02956137635728,0.03177012640937182,0.034143908587628974
Mato Grosso,3265486,39,0.0,0.0,0.0
Mato Grosso,3265486,40,0.033234283464321314,0.0500285887471987,0.0753095728609068
Mato Grosso,3265486,41,0.0,0.06202787098326892,0.06202787098326892
Mato Grosso,3265486,42,0.0,0.06124662607648602,0.06124662607648602
Mato Grosso,3265486,43,0.0,0.06124662607648602,0.06124662607648602
Mato Grosso,3265486,44,0.022372270497766463,0.04358324116235958,0.08490416341095244
Mato Grosso,3265486,45,0.030437572595013167,0.030818005371993123,0.031203193097724298
Mato Grosso,3265486,46,0.0,0.03142565961673894,0.03142565961673894
Mato Grosso,3265486,47,0.0,0.03295988682893258,0.03295988682893258
Mato Grosso,3265486,48,0.030437572595013167,0.030818005371993123,0.031203193097724298
Mato Grosso,3265486,49,0.0,0.122493252152972,0.122493252152972
Mato Grosso,3265486,50,0.03081823562857266,0.031219118823816967,0.03162521670228215
Mato Grosso,3265486,51,0.030437572595013167,0.030818005371993123,0.031203193097724298
Mato Grosso,3265486,52,0.03081823562857266,0.031219118823816967,0.03162521670228215
Goiás,6610681,1,0.012457478560142907,0.02673330991998622,0.057368740859373005
Goiás,6610681,2,0.023113766180547037,0.038786056695939986,0.06508494471518735
Goiás,6610681,3,0.028191551080620218,0.060026807053825404,0.12781196588910468
Goiás,6610681,4,0.04131859180356653,0.08819744097365874,0.18826364246108143
Goiás,6610681,5,0.04032457156046101,0.0659582493235505,0.10788684133456207
Goiás,6610681,6,0.054816877662416996,0.09477431813407536,0.16385777083281766
Goiás,6610681,7,0.07059438031622443,0.07820803549790822,0.08664282891985868
Goiás,6610681,8,0.058210905668276317,0.07614703326398935,0.09960969698616261
Goiás,6610681,9,0.05106419178998008,0.10648678567496812,0.2220623714172177
Goiás,6610681,10,0.040210254416524996,0.0767466902766148,0.14648140266414322
Goiás,6610681,11,0.024717100932873163,0.07416050752279993,0.2225091401688086
Goiás,6610681,12,0.023931132976280682,0.07029584562191707,0.20648859026432914
Goiás,6610681,13,0.04325132830029681,0.09819339951281222,0.2229282680277032
Goiás,6610681,14,0.07332853633087233,0.1336237489028404,0.24349737720500508
Goiás,6610681,15,0.06029495107025145,0.10684956724592758,0.18934968547100917
Goiás,6610681,16,0.07973705257538813,0.1443494954824692,0.2613186238147325
Goiás,6610681,17,0.061984361274316065,0.130975635171091,0.2767571796465207
Goiás,6610681,18,0.10148177708591524,0.1624944180115532,0.2601889387742904
Goiás,6610681,19,0.14435082730290288,0.22212209981425834,0.3417938653192822
Goiás,6610681,20,0.13784011914879465,0.20608496597726472,0.30811793739095694
Goiás,6610681,21,0.11445667777255034,0.1668234851698286,0.24314942339591816
Goiás,6610681,22,0.14901683757185627,0.17138992894299743,0.19712207171838045
Goiás,6610681,23,0.0616612701351832,0.11429655095540113,0.21186234944010035
Goiás,6610681,24,0.09279842014468233,0.12633681211425737,0.1719963558680022
Goiás,6610681,25,0.06653254071676667,0.09869186878954575,0.146395806626972
Goiás,6610681,26,0.05131833326288232,0.07552786949836408,0.11115830753388582
Goiás,6610681,27,0.05608523983277037,0.08965704379840127,0.14332443841974354
Goiás,6610681,28,0.06048851933191002,0.11783746676357823,0.22955874481014416
Goiás,6610681,29,0.08284076082726977,0.13265535878829876,0.21242494684403587
Goiás,6610681,30,0.029546504758983048,0.06511235079838305,0.1434896703036497
Goiás,6610681,31,0.040847885003880306,0.07268416290117671,0.12933319647132138
Goiás,6610681,32,0.09023342467236403,0.11395752651704376,0.14391915076963796
Goiás,6610681,33,0.028024901305878328,0.06265477359521406,0.1400761633884548
Goiás,6610681,34,0.030390721439294527,0.06612232659873124,0.1438650307648233
Goiás,6610681,35,0.017805685410107904,0.04394292709002836,0.1084474310740867
Goiás,6610681,36,0.04498903199661016,0.08129192406257948,0.14688862206001946
Goiás,6610681,37,0.08757074130273662,0.12487402719450885,0.17806772485649422
Goiás,6610681,38,0.10430388799495194,0.15536580474425687,0.23142505756831225
Goiás,6610681,39,0.019059906488103608,0.04654539601922774,0.11366655402737484
Goiás,6610681,40,0.028054725958859213,0.07208015403762182,0.18519334723519623
Goiás,6610681,41,0.018326558259808612,0.055497528880480373,0.16806078196331872
Goiás,6610681,42,0.06605882717430159,0.10104431339369496,0.15455850044481487
Goiás,6610681,43,0.015250184890229848,0.045037870337130574,0.13300886376818313
Goiás,6610681,44,0.030430316231922185,0.05420949649866971,0.09657045586521193
Goiás,6610681,45,0.019025290365136914,0.04499553316256701,0.10641614218375678
Goiás,6610681,46,0.016955646295816095,0.04216900290886885,0.1048750826305558
Goiás,6610681,47,0.022595452379763955,0.03501917237949609,0.054273860666013925
Goiás,6610681,48,0.04849344889147301,0.06542557817125712,0.0882697844119714
Goiás,6610681,49,0.042749571140548004,0.07562456043366321,0.13378085412791968
Goiás,6610681,50,0.017114678575588196,0.03576492973450511,0.07473878012167849
Goiás,6610681,51,0.025665790064597658,0.0420623836028204,0.06893394319433936
Goiás,6610681,52,0.018933243085767246,0.038341268443385854,0.07764400737836953
Distrito Federal,2914830,1,0.0325001935402878,0.056418522798449784,0.09793940798578431
Distrito Federal,2914830,2,0.041665485410299324,0.060567592899390454,0.08804489551727362
Distrito Federal,2914830,3,0.0327795171655103,0.056418522798449784,0.09710483832593834
Distrito Federal,2914830,4,0.032839420932935966,0.06237756891985326,0.11848446147382101
Distrito Federal,2914830,5,0.040973791249521496,0.07271151685035764,0.12903284078554936
Distrito Federal,2914830,6,0.03953820820177028,0.07613347796088744,0.1466001301030483
Distrito Federal,2914830,7,0.03931021497012165,0.05725754896396906,0.08339885487406097
Distrito Federal,2914830,8,0.03152507327769223,0.06170076506210776,0.12076052530362602
Distrito Federal,2914830,9,0.056613650542381204,0.10490089851838176,0.19437359019493086
Distrito Federal,2914830,10,0.06159591009112281,0.12113518579878092,0.238225772081253
Distrito Federal,2914830,11,0.048616290838836,0.13353135881439093,0.36676232347561244
Distrito Federal,2914830,12,0.06968676067365213,0.13841756544218928,0.27493633278016233
Distrito Federal,2914830,13,0.09751296590400153,0.15695657486985182,0.25263682800016724
Distrito Federal,2914830,14,0.1011450018797252,0.1991029245562977,0.3919321155780918
Distrito Federal,2914830,15,0.08227671657513279,0.13553133252471297,0.22325565312454468
Distrito Federal,2914830,16,0.12188133282381361,0.18846605208137082,0.29142652089703824
Distrito Federal,2914830,17,0.11287818946705701,0.17782991268701498,0.2801557855913391
Distrito Federal,2914830,18,0.0937600108769054,0.17412186778628622,0.32336200217797595
Distrito Federal,2914830,19,0.06607502922009595,0.14288301745307336,0.30897537114196405
Distrito Federal,2914830,20,0.09985701285340678,0.16883557421335382,0.28546268614904197
Distrito Federal,2914830,21,0.08604832624617768,0.18803660455774918,0.4109058966754504
Distrito Federal,2914830,22,0.07341217064889308,0.1524383394661397,0.31653399066935806
Distrito Federal,2914830,23,0.05778923237347978,0.12457651603086416,0.26855017291266464
Distrito Federal,2914830,24,0.05566374870235141,0.11818816292286997,0.2509432472788666
Distrito Federal,2914830,25,0.07277288752518926,0.1369353364388565,0.25766857690142275
Distrito Federal,2914830,26,0.02966020819967109,0.07575401221777912,0.19348044789365523
Distrito Federal,2914830,27,0.031262168675266655,0.06991620567762459,0.15636393837972307
Distrito Federal,2914830,28,0.04438088461198597,0.13808702030230974,0.429645000154431
Distrito Federal,2914830,29,0.14395938760825053,0.2560372046847719,0.45537183279206134
Distrito Federal,2914830,30,0.043136094620698985,0.11891688671586324,0.327828146487043
Distrito Federal,2914830,31,0.0373317512246956,0.07256538773134574,0.14105246402470314
Distrito Federal,2914830,32,0.055483405162991065,0.11594752878705185,0.24230361118483798
Distrito Federal,2914830,33,0.041450573978919734,0.11387819452931991,0.3128604008198489
Distrito Federal,2914830,34,0.0701621252937524,0.16490485983461245,0.3875825124056588
Distrito Federal,2914830,35,0.038830718115406095,0.10720435802792186,0.29597120367493523
Distrito Federal,2914830,36,0.06913518894855206,0.20126452303473014,0.5859159257168097
Distrito Federal,2914830,37,0.0461975800607566,0.17023774319518847,0.627324833250504
Distrito Federal,2914830,38,0.05549161065414948,0.1208756727983375,0.26329976914011577
Distrito Federal,2914830,39,0.03591078071389831,0.07237680812926296,0.14587269479643367
Distrito Federal,2914830,40,0.037902565995607755,0.09594342168834351,0.24286324483503358
Distrito Federal,2914830,41,0.034870306273639164,0.08945800691948545,0.22949999174674632
Distrito Federal,2914830,42,0.014794666118057964,0.09011342854295722,0.54887551628185
Distrito Federal,2914830,43,0.04441889347162848,0.08538637464672606,0.1641381044299969
Distrito Federal,2914830,44,0.020471873955460303,0.061400802270773894,0.18415795875341034
Distrito Federal,2914830,45,0.0204401349835544,0.06726150215982764,0.22133462799714765
Distrito Federal,2914830,46,0.035246305929227846,0.05216567324807548,0.07720688434382529
Distrito Federal,2914830,47,0.03181803340976626,0.07188443181449108,0.16240386295232626
Distrito Federal,2914830,48,0.042594337619099525,0.07905965335454579,0.14674318554817056
Distrito Federal,2914830,49,0.0,0.03775676487956346,0.03775676487956346
Distrito Federal,2914830,50,0.02741892896899654,0.045284354401405,0.07479040322365653
Distrito Federal,2914830,51,0.03605339947752659,0.06531134067707477,0.11831259417564238
Distrito Federal,2914830,52,0.027336874650326227,0.047009151139437294,0.08083807381485313
