Código,Sigla,UF,Região,Região oficial,Ano,Total,0-4 anos,5-9 anos,10-19 anos,20-29 anos,30-39 anos,40-49 anos,50-59 anos,60+ anos
11,RO,Rondônia,AfAmN,Norte,2000,1401535,160573,164716,319949,260368,209975,138394,77182,70378
11,RO,Rondônia,AfAmN,Norte,2001,1431048,162084,164597,322599,267437,214927,145288,80913,73203
11,RO,Rondônia,AfAmN,Norte,2002,1459811,163196,164136,324377,275117,219419,152376,85030,76160
11,RO,Rondônia,AfAmN,Norte,2003,1487850,164048,163286,325479,283067,223653,159554,89514,79249
11,RO,Rondônia,AfAmN,Norte,2004,1515151,164765,161989,326209,290774,227933,166674,94329,82478
11,RO,Rondônia,AfAmN,Norte,2005,1541715,165556,160112,326755,297881,232474,173637,99443,85857
11,RO,Rondônia,AfAmN,Norte,2006,1567546,162658,161517,327033,304384,237273,180430,104845,89406
11,RO,Rondônia,AfAmN,Norte,2007,1592640,159847,162536,327025,310224,242316,187053,110499,93140
11,RO,Rondônia,AfAmN,Norte,2008,1616992,157101,163301,326599,315334,247762,193399,116393,97103
11,RO,Rondônia,AfAmN,Norte,2009,1640607,154445,163927,325513,319694,253813,199345,122513,101357
11,RO,Rondônia,AfAmN,Norte,2010,1663490,151892,164626,323518,323284,260565,204828,128834,105943
11,RO,Rondônia,AfAmN,Norte,2011,1685697,149458,161657,324493,326023,267957,209865,135347,110897
11,RO,Rondônia,AfAmN,Norte,2012,1707272,147144,158803,324785,327825,275951,214454,142051,116259
11,RO,Rondônia,AfAmN,Norte,2013,1728214,144943,156036,324488,328889,284205,218787,148847,122019
11,RO,Rondônia,AfAmN,Norte,2014,1748531,142826,153383,323664,329542,292192,223160,155595,128169
11,RO,Rondônia,AfAmN,Norte,2015,1768204,140771,150851,322387,329968,299563,227775,162199,134690
11,RO,Rondônia,AfAmN,Norte,2016,1787279,138798,148447,320751,330112,306297,232629,168647,141598
11,RO,Rondônia,AfAmN,Norte,2017,1805788,136935,146162,318867,329971,312322,237714,174942,148875
11,RO,Rondônia,AfAmN,Norte,2018,1823741,135197,143984,316839,329424,317564,243191,180986,156556
11,RO,Rondônia,AfAmN,Norte,2019,1841142,133580,141892,314814,328252,322000,249258,186662,164684
11,RO,Rondônia,AfAmN,Norte,2020,1857992,132095,139864,313005,326218,325606,256009,191916,173279
11,RO,Rondônia,AfAmN,Norte,2021,1874318,130732,137911,307699,327162,328324,263386,196769,182335
11,RO,Rondônia,AfAmN,Norte,2022,1890155,129474,136069,302628,327445,330114,271346,201219,191860
11,RO,Rondônia,AfAmN,Norte,2023,1905483,128305,134350,297743,327162,331164,279554,205439,201766
11,RO,Rondônia,AfAmN,Norte,2024,1920296,127203,132758,293054,326366,331799,287499,209712,211905
11,RO,Rondônia,AfAmN,Norte,2025,1934569,126161,131289,288549,325131,332210,294833,214223,222173
11,RO,Rondônia,AfAmN,Norte,2026,1948295,125148,129939,284249,323549,332337,301533,218968,232572
11,RO,Rondônia,AfAmN,Norte,2027,1961483,124142,128698,280170,321721,332183,307528,223944,243097
11,RO,Rondônia,AfAmN,Norte,2028,1974114,123141,127544,276322,319747,331644,312741,229294,253681
11,RO,Rondônia,AfAmN,Norte,2029,1986163,122142,126458,272678,317752,330504,317155,235209,264265
11,RO,Rondônia,AfAmN,Norte,2030,1997617,121140,125431,269223,315954,328537,320751,241776,274805
12,AC,Acre,AfAmN,Norte,2000,587407,84773,77034,138884,106522,72347,48572,28602,30673
12,AC,Acre,AfAmN,Norte,2001,602009,86180,78556,140339,110461,74952,50470,29818,31233
12,AC,Acre,AfAmN,Norte,2002,616781,87409,80069,141616,114602,77660,52326,31142,31957
12,AC,Acre,AfAmN,Norte,2003,631650,88441,81533,142892,118737,80478,54178,32574,32817
12,AC,Acre,AfAmN,Norte,2004,646548,89283,82888,144428,122553,83408,56093,34108,33787
12,AC,Acre,AfAmN,Norte,2005,661427,90023,84017,146382,125852,86452,58118,35740,34843
12,AC,Acre,AfAmN,Norte,2006,676252,90106,85454,148719,128677,89597,60241,37472,35986
12,AC,Acre,AfAmN,Norte,2007,690997,90014,86715,151431,131035,92817,62454,39310,37221
12,AC,Acre,AfAmN,Norte,2008,705635,89775,87782,154373,133014,96147,64763,41209,38572
12,AC,Acre,AfAmN,Norte,2009,720132,89420,88659,157302,134764,99667,67158,43103,40059
12,AC,Acre,AfAmN,Norte,2010,734447,88960,89432,159968,136395,103394,69643,44953,41702
12,AC,Acre,AfAmN,Norte,2011,748616,88426,89548,162943,137882,107308,72229,46772,43508
12,AC,Acre,AfAmN,Norte,2012,762631,87845,89487,165736,139192,111423,74915,48559,45474
12,AC,Acre,AfAmN,Norte,2013,776463,87220,89276,168282,140508,115528,77711,50348,47590
12,AC,Acre,AfAmN,Norte,2014,790101,86554,88942,170528,142081,119325,80619,52208,49844
12,AC,Acre,AfAmN,Norte,2015,803513,85849,88496,172450,144060,122620,83643,54177,52218
12,AC,Acre,AfAmN,Norte,2016,816687,85089,87970,174024,146416,125452,86769,56242,54725
12,AC,Acre,AfAmN,Norte,2017,829619,84259,87397,175238,149144,127833,89973,58397,57378
12,AC,Acre,AfAmN,Norte,2018,842290,83368,86784,176111,152099,129840,93288,60650,60150
12,AC,Acre,AfAmN,Norte,2019,854691,82425,86129,176669,155042,131628,96794,62989,63015
12,AC,Acre,AfAmN,Norte,2020,866811,81446,85434,177015,157733,133303,100498,65418,65964
12,AC,Acre,AfAmN,Norte,2021,878654,80444,84687,176627,160726,134835,104391,67939,69005
12,AC,Acre,AfAmN,Norte,2022,890220,79433,83874,176015,163536,136194,108477,70557,72134
12,AC,Acre,AfAmN,Norte,2023,901494,78431,82996,175214,166099,137548,112550,73275,75381
12,AC,Acre,AfAmN,Norte,2024,912480,77446,82062,174247,168364,139154,116325,76102,78780
12,AC,Acre,AfAmN,Norte,2025,923171,76481,81090,173129,170307,141154,119609,79042,82359
12,AC,Acre,AfAmN,Norte,2026,933580,75542,80094,171870,171907,143522,122436,82085,86124
12,AC,Acre,AfAmN,Norte,2027,943714,74637,79093,170496,173154,146250,124819,85200,90065
12,AC,Acre,AfAmN,Norte,2028,953573,73768,78098,169016,174060,149201,126834,88423,94173
12,AC,Acre,AfAmN,Norte,2029,963154,72935,77122,167443,174651,152144,128628,91825,98406
12,AC,Acre,AfAmN,Norte,2030,972464,72140,76163,165798,175027,154834,130310,95421,102771
13,AM,Amazonas,AfAmN,Norte,2000,2872524,407544,380967,678254,536335,366207,238909,131090,133218
13,AM,Amazonas,AfAmN,Norte,2001,2946727,409695,388903,687876,556538,379039,250604,137716,136356
13,AM,Amazonas,AfAmN,Norte,2002,3021363,411637,395900,696878,576990,392243,262593,145153,139969
13,AM,Amazonas,AfAmN,Norte,2003,3096127,413550,401571,705977,596934,406054,274697,153311,144033
13,AM,Amazonas,AfAmN,Norte,2004,3170740,415747,405490,716206,615290,420776,286664,162026,148541
13,AM,Amazonas,AfAmN,Norte,2005,3244995,418904,406987,728078,631406,436578,298353,171185,153504
13,AM,Amazonas,AfAmN,Norte,2006,3318679,420182,409017,741276,645299,453392,309787,180783,158943
13,AM,Amazonas,AfAmN,Norte,2007,3391594,420520,410837,755640,656798,471186,320952,190789,164872
13,AM,Amazonas,AfAmN,Norte,2008,3463562,420024,412628,770049,666528,489721,332057,201152,171403
13,AM,Amazonas,AfAmN,Norte,2009,3534456,418820,414700,782779,675549,508651,343427,211822,178708
13,AM,Amazonas,AfAmN,Norte,2010,3604165,417019,417725,792233,684593,527657,355297,222761,186880
13,AM,Amazonas,AfAmN,Norte,2011,3672969,414748,418905,801499,693447,546840,367626,233985,195919
13,AM,Amazonas,AfAmN,Norte,2012,3740976,412122,419189,809752,701826,566361,380352,245546,205828
13,AM,Amazonas,AfAmN,Norte,2013,3807921,409194,418672,816751,710409,585451,393682,257230,216532
13,AM,Amazonas,AfAmN,Norte,2014,3873743,405980,417479,822401,720198,603065,407919,268794,227907
13,AM,Amazonas,AfAmN,Norte,2015,3938336,402454,415721,826706,731688,618571,423223,280098,239875
13,AM,Amazonas,AfAmN,Norte,2016,4001667,398509,413511,829790,744594,632023,439578,291173,252489
13,AM,Amazonas,AfAmN,Norte,2017,4063614,394089,410945,831849,758747,643277,456953,302007,265747
13,AM,Amazonas,AfAmN,Norte,2018,4124033,389272,408076,833132,773025,652915,475110,312793,279710
13,AM,Amazonas,AfAmN,Norte,2019,4182899,384132,404916,834065,785733,661975,493734,323855,294489
13,AM,Amazonas,AfAmN,Norte,2020,4240210,378749,401445,835421,795319,671184,512529,335420,310143
13,AM,Amazonas,AfAmN,Norte,2021,4295846,373305,397534,834463,804726,680211,531505,347422,326680
13,AM,Amazonas,AfAmN,Norte,2022,4349811,367938,393135,832207,813074,688722,550769,359804,344162
13,AM,Amazonas,AfAmN,Norte,2023,4402267,362683,388341,828839,820183,697438,569621,372791,362371
13,AM,Amazonas,AfAmN,Norte,2024,4453233,357583,383224,824496,825955,707335,587038,386644,380958
13,AM,Amazonas,AfAmN,Norte,2025,4502713,352674,377864,819263,830393,718884,602408,401517,399710
13,AM,Amazonas,AfAmN,Norte,2026,4550668,347985,372440,813113,833582,731768,615744,417351,418685
13,AM,Amazonas,AfAmN,Norte,2027,4597105,343530,367095,806099,835697,745812,626898,434112,437862
13,AM,Amazonas,AfAmN,Norte,2028,4642138,339324,361857,798385,837017,759975,636474,451614,457492
13,AM,Amazonas,AfAmN,Norte,2029,4685782,335361,356772,790054,837960,772609,645487,469564,477975
13,AM,Amazonas,AfAmN,Norte,2030,4728027,331617,351881,781156,839280,782194,654644,487691,499564
14,RR,Roraima,AfAmN,Norte,2000,336829,48084,44383,77462,61650,46891,30370,15179,12810
14,RR,Roraima,AfAmN,Norte,2001,351178,49773,46132,80175,64370,48785,32268,16382,13293
14,RR,Roraima,AfAmN,Norte,2002,365275,51244,47746,82733,67270,50607,34171,17693,13811
14,RR,Roraima,AfAmN,Norte,2003,379035,52513,49175,85202,70255,52375,36058,19087,14370
14,RR,Roraima,AfAmN,Norte,2004,392392,53606,50373,87682,73172,54127,37898,20534,15000
14,RR,Roraima,AfAmN,Norte,2005,405273,54577,51273,90225,75921,55889,39668,22011,15709
14,RR,Roraima,AfAmN,Norte,2006,417634,54650,52647,92797,78484,57665,41378,23498,16515
14,RR,Roraima,AfAmN,Norte,2007,429406,54553,53787,95367,80811,59463,43022,24984,17419
14,RR,Roraima,AfAmN,Norte,2008,440533,54297,54705,97814,82925,61313,44596,26467,18416
14,RR,Roraima,AfAmN,Norte,2009,450969,53903,55427,99945,84907,63243,46102,27936,19506
14,RR,Roraima,AfAmN,Norte,2010,460678,53396,56016,101592,86796,65270,47531,29390,20687
14,RR,Roraima,AfAmN,Norte,2011,469943,52833,55737,103634,88581,67448,48893,30846,21971
14,RR,Roraima,AfAmN,Norte,2012,479073,52272,55360,105423,90252,69845,50228,32321,23372
14,RR,Roraima,AfAmN,Norte,2013,488072,51728,54901,106948,91886,72366,51556,33805,24882
14,RR,Roraima,AfAmN,Norte,2014,496936,51200,54387,108198,93602,74873,52910,35270,26496
14,RR,Roraima,AfAmN,Norte,2015,505665,50684,53840,109173,95469,77258,54324,36709,28208
14,RR,Roraima,AfAmN,Norte,2016,514229,50165,53272,109886,97454,79513,55801,38132,30006
14,RR,Roraima,AfAmN,Norte,2017,522636,49630,52707,110358,99552,81590,57357,39542,31900
14,RR,Roraima,AfAmN,Norte,2018,530879,49079,52155,110617,101652,83538,59019,40927,33892
14,RR,Roraima,AfAmN,Norte,2019,538963,48514,51620,110713,103588,85427,60830,42298,35973
14,RR,Roraima,AfAmN,Norte,2020,546891,47945,51098,110719,105208,87309,62810,43653,38149
14,RR,Roraima,AfAmN,Norte,2021,554663,47393,50574,109883,107299,89135,64974,44981,40424
14,RR,Roraima,AfAmN,Norte,2022,562288,46875,50034,108949,109141,90851,67354,46286,42798
14,RR,Roraima,AfAmN,Norte,2023,569760,46394,49472,107945,110724,92529,69853,47588,45255
14,RR,Roraima,AfAmN,Norte,2024,577080,45956,48898,106889,112027,94289,72334,48917,47770
14,RR,Roraima,AfAmN,Norte,2025,584261,45560,48322,105806,113054,96196,74691,50302,50330
14,RR,Roraima,AfAmN,Norte,2026,591301,45201,47765,104695,113814,98215,76920,51751,52940
14,RR,Roraima,AfAmN,Norte,2027,598202,44875,47244,103570,114322,100349,78974,53274,55594
14,RR,Roraima,AfAmN,Norte,2028,604960,44579,46757,102447,114606,102480,80900,54898,58293
14,RR,Roraima,AfAmN,Norte,2029,611583,44314,46314,101329,114705,104449,82771,56661,61040
14,RR,Roraima,AfAmN,Norte,2030,618057,44072,45910,100214,114696,106107,84643,58581,63834
15,PA,Pará,AfAmN,Norte,2000,6386876,835174,807497,1508654,1161055,821258,567373,338099,347766
15,PA,Pará,AfAmN,Norte,2001,6516683,838558,813930,1520137,1198971,846735,588930,352115,357307
15,PA,Pará,AfAmN,Norte,2002,6646479,841665,819377,1528044,1238626,873247,610039,367528,367953
15,PA,Pará,AfAmN,Norte,2003,6775865,844575,823498,1534019,1278306,900774,630879,384246,379568
15,PA,Pará,AfAmN,Norte,2004,6904392,847438,825879,1540558,1315442,929235,651763,402091,391986
15,PA,Pará,AfAmN,Norte,2005,7031660,850903,825691,1549154,1348356,958592,672935,420901,405128
15,PA,Pará,AfAmN,Norte,2006,7157305,848397,829465,1559363,1377298,988697,694357,440645,419083
15,PA,Pará,AfAmN,Norte,2007,7281011,844212,832976,1571106,1402280,1019229,716002,461340,433866
15,PA,Pará,AfAmN,Norte,2008,7402515,838448,836301,1583242,1423386,1050681,738111,482577,449769
15,PA,Pará,AfAmN,Norte,2009,7521656,831347,839583,1593820,1440998,1083882,761002,503795,467229
15,PA,Pará,AfAmN,Norte,2010,7638340,823194,843476,1600994,1455484,1119140,784892,524649,486511
15,PA,Pará,AfAmN,Norte,2011,7751993,814180,841367,1611338,1466705,1156022,809736,545141,507504
15,PA,Pará,AfAmN,Norte,2012,7862333,804490,837497,1620452,1474416,1194539,835541,565218,530180
15,PA,Pará,AfAmN,Norte,2013,7969654,794380,831994,1628093,1480278,1233125,862336,585053,554395
15,PA,Pará,AfAmN,Norte,2014,8073924,783993,825090,1633971,1486732,1269283,890037,604950,579868
15,PA,Pará,AfAmN,Norte,2015,8175113,773411,817052,1637898,1495234,1301387,918592,625117,606422
15,PA,Pará,AfAmN,Norte,2016,8272724,762492,808112,1639784,1505304,1329592,947827,645509,634104
15,PA,Pará,AfAmN,Norte,2017,8366628,751214,798502,1639669,1516863,1353911,977415,666105,662949
15,PA,Pará,AfAmN,Norte,2018,8457229,739766,788469,1637728,1528848,1374511,1007885,687146,692876
15,PA,Pará,AfAmN,Norte,2019,8544639,728275,778163,1634319,1539367,1391754,1040037,708933,723791
15,PA,Pará,AfAmN,Norte,2020,8628901,716840,767659,1630346,1546593,1405997,1074177,731678,755611
15,PA,Pará,AfAmN,Norte,2021,8710364,705787,756866,1619595,1557105,1417223,1110024,755388,788376
15,PA,Pará,AfAmN,Norte,2022,8789130,695335,745757,1606534,1566518,1425184,1147607,780094,822101
15,PA,Pará,AfAmN,Norte,2023,8864989,685409,734473,1591449,1574506,1431351,1185288,805757,856756
15,PA,Pará,AfAmN,Norte,2024,8938000,675982,723140,1574714,1580776,1438099,1220632,832293,892364
15,PA,Pará,AfAmN,Norte,2025,9008231,667049,711858,1556676,1585143,1446847,1252056,859652,928950
15,PA,Pará,AfAmN,Norte,2026,9075990,658607,700958,1537484,1587597,1457248,1279820,887727,966549
15,PA,Pará,AfAmN,Norte,2027,9141350,650629,690659,1517347,1588164,1469222,1303946,916205,1005178
15,PA,Pará,AfAmN,Norte,2028,9204104,643088,680884,1496625,1586935,1481608,1324486,945543,1044935
15,PA,Pará,AfAmN,Norte,2029,9264288,635970,671599,1475590,1584257,1492566,1341805,976506,1085995
15,PA,Pará,AfAmN,Norte,2030,9321910,629236,662805,1454420,1581010,1500317,1356258,1009401,1128463
16,AP,Amapá,AfAmN,Norte,2000,499329,74672,66177,118061,95383,65745,39918,20441,18932
16,AP,Amapá,AfAmN,Norte,2001,519202,77654,68418,120998,99226,69160,42397,21705,19644
16,AP,Amapá,AfAmN,Norte,2002,538836,80057,70690,123749,103129,72737,44898,23104,20472
16,AP,Amapá,AfAmN,Norte,2003,558398,82079,72964,126453,107019,76409,47426,24644,21404
16,AP,Amapá,AfAmN,Norte,2004,577786,83669,75207,129328,110779,80071,50003,26320,22409
16,AP,Amapá,AfAmN,Norte,2005,596914,84837,77340,132508,114337,83653,52639,28131,23469
16,AP,Amapá,AfAmN,Norte,2006,615692,84773,80111,135978,117688,87148,55320,30079,24595
16,AP,Amapá,AfAmN,Norte,2007,634068,84657,82287,139756,120828,90525,58038,32182,25795
16,AP,Amapá,AfAmN,Norte,2008,651977,84275,84060,143744,123753,93835,60813,34398,27099
16,AP,Amapá,AfAmN,Norte,2009,669360,83669,85382,147757,126487,97150,63689,36675,28551
16,AP,Amapá,AfAmN,Norte,2010,686189,82889,86265,151625,129060,100507,66683,38985,30175
16,AP,Amapá,AfAmN,Norte,2011,702638,82002,85944,156168,131490,103916,69817,41322,31979
16,AP,Amapá,AfAmN,Norte,2012,718906,81085,85619,160215,133790,107408,73123,43690,33976
16,AP,Amapá,AfAmN,Norte,2013,734996,80177,85086,163927,136111,110915,76535,46090,36155
16,AP,Amapá,AfAmN,Norte,2014,750912,79310,84386,167235,138670,114326,79967,48536,38482
16,AP,Amapá,AfAmN,Norte,2015,766679,78505,83574,170069,141607,117573,83341,51052,40958
16,AP,Amapá,AfAmN,Norte,2016,782295,77764,82683,172392,144903,120666,86663,53623,43601
16,AP,Amapá,AfAmN,Norte,2017,797722,77056,81759,174144,148584,123600,89909,56245,46425
16,AP,Amapá,AfAmN,Norte,2018,812961,76379,80839,175317,152552,126383,93130,58937,49424
16,AP,Amapá,AfAmN,Norte,2019,828028,75718,79965,175902,156636,129048,96399,61753,52607
16,AP,Amapá,AfAmN,Norte,2020,842914,75070,79154,175960,160666,131633,99763,64706,55962
16,AP,Amapá,AfAmN,Norte,2021,857634,74453,78402,174740,165412,134119,103207,67809,59492
16,AP,Amapá,AfAmN,Norte,2022,872187,73900,77683,173457,169658,136478,106735,71075,63201
16,AP,Amapá,AfAmN,Norte,2023,886586,73413,76996,171947,173560,138861,110272,74452,67085
16,AP,Amapá,AfAmN,Norte,2024,900828,73005,76323,170297,177041,141482,113710,77845,71125
16,AP,Amapá,AfAmN,Norte,2025,914915,72674,75665,168575,180022,144483,116979,81182,75335
16,AP,Amapá,AfAmN,Norte,2026,928861,72419,75040,166833,182450,147850,120091,84461,79717
16,AP,Amapá,AfAmN,Norte,2027,942678,72242,74479,165082,184275,151608,123042,87671,84279
16,AP,Amapá,AfAmN,Norte,2028,956359,72138,73988,163366,185472,155658,125841,90854,89042
16,AP,Amapá,AfAmN,Norte,2029,969906,72101,73570,161709,186040,159831,128519,94085,94051
16,AP,Amapá,AfAmN,Norte,2030,983304,72113,73232,160127,186037,163954,131117,97409,99315
17,TO,Tocantins,Aw,Norte,2000,1186152,142553,141040,275869,212336,158725,109752,69400,76477
17,TO,Tocantins,Aw,Norte,2001,1211273,144253,141435,277498,220040,163639,113959,72032,78417
17,TO,Tocantins,Aw,Norte,2002,1236171,145775,141831,278387,228155,168315,118278,74937,80493
17,TO,Tocantins,Aw,Norte,2003,1260783,147049,142245,278770,236300,172907,122710,78061,82741
17,TO,Tocantins,Aw,Norte,2004,1285028,147999,142684,279000,243886,177661,127260,81320,85218
17,TO,Tocantins,Aw,Norte,2005,1308824,148630,143070,279322,250527,182740,131921,84664,87950
17,TO,Tocantins,Aw,Norte,2006,1332107,147614,144675,279720,256285,188070,136694,88103,90946
17,TO,Tocantins,Aw,Norte,2007,1354808,146299,146106,280220,261181,193560,141605,91643,94194
17,TO,Tocantins,Aw,Norte,2008,1376898,144724,147290,280837,265172,199325,146553,95287,97710
17,TO,Tocantins,Aw,Norte,2009,1398334,142948,148145,281519,268270,205520,151386,99042,101504
17,TO,Tocantins,Aw,Norte,2010,1419100,141037,148679,282166,270495,212200,156032,102912,105579
17,TO,Tocantins,Aw,Norte,2011,1439275,139050,147585,284048,271959,219315,160492,106897,109929
17,TO,Tocantins,Aw,Norte,2012,1458965,137037,146216,285767,272742,226898,164745,110999,114561
17,TO,Tocantins,Aw,Norte,2013,1478164,135028,144605,287280,273071,234558,168947,115220,119455
17,TO,Tocantins,Aw,Norte,2014,1496880,133055,142818,288511,273275,241742,173345,119560,124574
17,TO,Tocantins,Aw,Norte,2015,1515126,131141,140909,289394,273593,248065,178103,124017,129904
17,TO,Tocantins,Aw,Norte,2016,1532902,129286,138934,289871,274004,253589,183161,128592,135465
17,TO,Tocantins,Aw,Norte,2017,1550194,127485,136931,289901,274544,258332,188433,133314,141254
17,TO,Tocantins,Aw,Norte,2018,1567016,125747,134932,289456,275215,262247,194033,138093,147293
17,TO,Tocantins,Aw,Norte,2019,1583391,124085,132971,288519,275961,265344,200120,142790,153601
17,TO,Tocantins,Aw,Norte,2020,1599316,122499,131063,287163,276686,267638,206747,147330,160190
17,TO,Tocantins,Aw,Norte,2021,1614821,121013,129215,284141,278633,269200,213841,151707,167071
17,TO,Tocantins,Aw,Norte,2022,1629925,119647,127419,280819,280423,270082,221382,155887,174266
17,TO,Tocantins,Aw,Norte,2023,1644621,118383,125686,277265,282012,270500,228991,160028,181756
17,TO,Tocantins,Aw,Norte,2024,1658908,117203,124031,273568,283321,270795,236126,164359,189505
17,TO,Tocantins,Aw,Norte,2025,1672792,116095,122448,269808,284283,271194,242418,169042,197504
17,TO,Tocantins,Aw,Norte,2026,1686276,115049,120967,266039,284844,271687,247921,174012,205757
17,TO,Tocantins,Aw,Norte,2027,1699376,114057,119603,262288,284972,272301,252659,179193,214303
17,TO,Tocantins,Aw,Norte,2028,1712069,113115,118342,258607,284629,273037,256584,184690,223065
17,TO,Tocantins,Aw,Norte,2029,1724357,112222,117165,255035,283795,273857,259700,190650,231933
17,TO,Tocantins,Aw,Norte,2030,1736235,111370,116058,251592,282539,274663,262034,197127,240852
21,MA,Maranhão,Aw,Nordeste,2000,5794912,734398,712033,1458465,977263,681627,498349,330883,401894
21,MA,Maranhão,Aw,Nordeste,2001,5879264,742268,706192,1454239,1020497,695509,512711,339613,408235
21,MA,Maranhão,Aw,Nordeste,2002,5964486,750771,703130,1442869,1066737,709116,526999,349534,415330
21,MA,Maranhão,Aw,Nordeste,2003,6049974,758396,703638,1426641,1113117,723521,541184,360440,423037
21,MA,Maranhão,Aw,Nordeste,2004,6135099,763554,708303,1408987,1155447,740290,555230,371968,431320
21,MA,Maranhão,Aw,Nordeste,2005,6219144,765243,716844,1392589,1190825,760462,569135,383875,440171
21,MA,Maranhão,Aw,Nordeste,2006,6301445,766404,725013,1377404,1220447,783398,582992,396197,449590
21,MA,Maranhão,Aw,Nordeste,2007,6381473,764700,733825,1363716,1245458,808305,596983,408927,459559
21,MA,Maranhão,Aw,Nordeste,2008,6458789,760173,741789,1353292,1264387,836011,610948,421936,470253
21,MA,Maranhão,Aw,Nordeste,2009,6533027,753035,747330,1347867,1275428,867726,624605,435074,481962
21,MA,Maranhão,Aw,Nordeste,2010,6603880,743677,749451,1348202,1277709,903826,637936,448243,494836
21,MA,Maranhão,Aw,Nordeste,2011,6670977,732403,751079,1350459,1272516,943281,651024,461406,508809
21,MA,Maranhão,Aw,Nordeste,2012,6734353,719528,749865,1356103,1260946,985653,663819,474565,523874
21,MA,Maranhão,Aw,Nordeste,2013,6794301,705496,745830,1364451,1245152,1028371,677405,487711,539885
21,MA,Maranhão,Aw,Nordeste,2014,6850884,690776,739136,1374506,1228354,1067467,693268,500790,556587
21,MA,Maranhão,Aw,Nordeste,2015,6904241,675876,730104,1385005,1213028,1100211,712402,513792,573823
21,MA,Maranhão,Aw,Nordeste,2016,6954036,660953,719116,1394664,1198994,1127731,734139,526780,591659
21,MA,Maranhão,Aw,Nordeste,2017,7000229,646128,706547,1402181,1186466,1151163,757735,539909,610100
21,MA,Maranhão,Aw,Nordeste,2018,7043339,631676,692827,1406168,1177145,1169178,784038,553070,629237
21,MA,Maranhão,Aw,Nordeste,2019,7083578,617737,678418,1405274,1172693,1180027,814225,566011,649193
21,MA,Maranhão,Aw,Nordeste,2020,7121156,604347,663827,1398853,1173846,1182840,848691,578713,670039
21,MA,Maranhão,Aw,Nordeste,2021,7156431,591673,649245,1390218,1176824,1178837,886545,591313,691776
21,MA,Maranhão,Aw,Nordeste,2022,7189442,579792,634785,1377390,1183056,1168878,927349,603756,714436
21,MA,Maranhão,Aw,Nordeste,2023,7220006,568497,620694,1360750,1191868,1154854,968542,616965,737836
21,MA,Maranhão,Aw,Nordeste,2024,7248192,557637,607101,1340909,1202373,1139825,1006333,632316,761698
21,MA,Maranhão,Aw,Nordeste,2025,7274092,547099,594040,1318667,1213440,1126155,1038104,650733,785854
21,MA,Maranhão,Aw,Nordeste,2026,7298052,536886,581684,1294606,1223939,1113769,1065057,671653,810458
21,MA,Maranhão,Aw,Nordeste,2027,7320150,527024,570108,1269211,1232619,1102850,1088287,694391,835660
21,MA,Maranhão,Aw,Nordeste,2028,7340209,517520,559112,1243094,1238096,1094927,1106395,719676,861389
21,MA,Maranhão,Aw,Nordeste,2029,7358319,508415,548541,1216823,1239068,1091627,1117703,748602,887540
21,MA,Maranhão,Aw,Nordeste,2030,7374604,499746,538286,1190919,1234874,1093713,1121374,781545,914147
22,PI,Piauí,Aw,Nordeste,2000,2877451,312483,310907,699113,491720,367799,275497,188733,231199
22,PI,Piauí,Aw,Nordeste,2001,2912304,318704,304158,691696,512152,373238,283539,194082,234735
22,PI,Piauí,Aw,Nordeste,2002,2945649,323784,299767,680227,533793,377943,291791,199987,238357
22,PI,Piauí,Aw,Nordeste,2003,2977378,326757,298398,665821,555163,382691,300079,206316,242153
22,PI,Piauí,Aw,Nordeste,2004,3007333,326499,300675,650107,574096,388636,308163,212850,246307
22,PI,Piauí,Aw,Nordeste,2005,3035330,321982,306962,634512,589063,396525,315884,219462,250940
22,PI,Piauí,Aw,Nordeste,2006,3061253,316493,313256,619368,600531,406012,323307,226140,256146
22,PI,Piauí,Aw,Nordeste,2007,3085026,310375,318437,605102,609045,416683,330524,232845,262015
22,PI,Piauí,Aw,Nordeste,2008,3106597,303665,321556,593262,613745,428820,337357,239638,268554
22,PI,Piauí,Aw,Nordeste,2009,3125918,296465,321520,585666,613562,442808,343524,246643,275730
22,PI,Piauí,Aw,Nordeste,2010,3142946,288922,317310,583657,608020,458678,348932,253916,283511
22,PI,Piauí,Aw,Nordeste,2011,3158000,281159,312173,583578,598305,475906,353664,261429,291786
22,PI,Piauí,Aw,Nordeste,2012,3171456,273293,306402,584720,585435,494280,357679,269175,300472
22,PI,Piauí,Aw,Nordeste,2013,3183404,265505,300006,586758,570434,512426,361733,276992,309550
22,PI,Piauí,Aw,Nordeste,2014,3193956,258000,293057,589194,554795,528315,366937,284650,319008
22,PI,Piauí,Aw,Nordeste,2015,3203262,251014,285676,591356,539801,540571,374019,291992,328833
22,PI,Piauí,Aw,Nordeste,2016,3211411,244664,278026,592528,525656,549777,382671,299059,339030
22,PI,Piauí,Aw,Nordeste,2017,3218485,238949,270271,591976,512625,556612,392515,305937,349600
22,PI,Piauí,Aw,Nordeste,2018,3224536,233828,262586,588839,502071,560339,403846,312457,360570
22,PI,Piauí,Aw,Nordeste,2019,3229651,229224,255180,582152,495658,559995,417059,318365,372018
22,PI,Piauí,Aw,Nordeste,2020,3233891,225016,248287,571066,494618,555154,432209,323574,383967
22,PI,Piauí,Aw,Nordeste,2021,3237279,221098,242022,558935,495232,546674,448746,328171,396401
22,PI,Piauí,Aw,Nordeste,2022,3239829,217393,236383,546182,496823,535204,466392,332113,409339
22,PI,Piauí,Aw,Nordeste,2023,3241530,213821,231336,532937,499186,521687,483847,336108,422608
22,PI,Piauí,Aw,Nordeste,2024,3242397,210326,226795,519446,501955,507518,499173,341202,435982
22,PI,Piauí,Aw,Nordeste,2025,3242491,206878,222647,506037,504598,493894,511055,348074,449308
22,PI,Piauí,Aw,Nordeste,2026,3241853,203488,218786,492971,506506,480972,520060,356436,462634
22,PI,Piauí,Aw,Nordeste,2027,3240499,200183,215141,480406,506989,468981,526838,365925,476036
22,PI,Piauí,Aw,Nordeste,2028,3238443,196993,211625,468476,505217,459248,530681,376813,489390
22,PI,Piauí,Aw,Nordeste,2029,3235703,193937,208184,457296,500231,453402,530649,389473,502531
22,PI,Piauí,Aw,Nordeste,2030,3232330,191027,204789,446976,491135,452712,526327,403945,515419
23,CE,Ceará,AsBSh,Nordeste,2000,7601788,852333,861425,1704534,1283578,1039979,715524,501521,642894
23,CE,Ceará,AsBSh,Nordeste,2001,7718435,852700,856510,1714497,1321406,1060562,741035,516798,654927
23,CE,Ceará,AsBSh,Nordeste,2002,7830721,850552,852140,1718082,1362626,1077322,769660,533574,666765
23,CE,Ceará,AsBSh,Nordeste,2003,7938714,845573,848778,1716552,1405201,1091917,800408,551162,679123
23,CE,Ceará,AsBSh,Nordeste,2004,8042368,837362,846780,1711975,1446051,1106937,831689,568494,693080
23,CE,Ceará,AsBSh,Nordeste,2005,8141584,826025,845882,1705962,1482952,1124135,862365,585018,709245
23,CE,Ceará,AsBSh,Nordeste,2006,8236289,811021,846464,1698449,1516388,1143012,892608,600867,727480
23,CE,Ceará,AsBSh,Nordeste,2007,8326445,796125,844572,1689581,1546807,1163098,922613,615803,747846
23,CE,Ceará,AsBSh,Nordeste,2008,8412055,781383,839869,1680464,1572734,1185391,951247,631076,769891
23,CE,Ceará,AsBSh,Nordeste,2009,8493155,766911,831950,1672272,1592341,1211198,976961,648611,792911
23,CE,Ceará,AsBSh,Nordeste,2010,8569783,752833,820913,1665445,1604573,1241096,998932,669509,816482
23,CE,Ceará,AsBSh,Nordeste,2011,8642630,739224,806224,1660614,1610433,1274554,1017447,693394,840740
23,CE,Ceará,AsBSh,Nordeste,2012,8712413,726141,791637,1654089,1610711,1311424,1032456,720217,865738
23,CE,Ceará,AsBSh,Nordeste,2013,8779338,713659,777188,1645968,1606644,1349792,1045561,749055,891471
23,CE,Ceará,AsBSh,Nordeste,2014,8843553,701860,762964,1636172,1600222,1386724,1059243,778405,917963
23,CE,Ceará,AsBSh,Nordeste,2015,8905225,690831,749058,1624507,1592988,1420143,1075187,807206,945305
23,CE,Ceará,AsBSh,Nordeste,2016,8964432,680505,735579,1610784,1584865,1450599,1092926,835641,973533
23,CE,Ceará,AsBSh,Nordeste,2017,9021232,670786,722618,1594808,1575936,1478609,1112023,863922,1002530
23,CE,Ceará,AsBSh,Nordeste,2018,9075744,661640,710250,1576283,1567225,1502805,1133462,891022,1033057
23,CE,Ceará,AsBSh,Nordeste,2019,9128090,653031,698556,1554890,1559838,1521464,1158525,915547,1066239
23,CE,Ceará,AsBSh,Nordeste,2020,9178363,644888,687627,1530808,1554161,1533614,1187792,936774,1102699
23,CE,Ceará,AsBSh,Nordeste,2021,9226629,637232,677392,1503601,1550649,1539948,1220625,954895,1142287
23,CE,Ceará,AsBSh,Nordeste,2022,9272899,630032,667763,1477033,1545549,1540901,1256758,969779,1185084
23,CE,Ceará,AsBSh,Nordeste,2023,9317120,623139,658703,1451186,1538971,1537657,1294343,982920,1230201
23,CE,Ceará,AsBSh,Nordeste,2024,9359246,616433,650170,1426207,1530854,1532146,1330550,996642,1276244
23,CE,Ceará,AsBSh,Nordeste,2025,9399260,609832,642101,1402263,1521029,1525854,1363371,1012519,1322291
23,CE,Ceará,AsBSh,Nordeste,2026,9437126,603281,634516,1379391,1509296,1518709,1393341,1030095,1368497
23,CE,Ceará,AsBSh,Nordeste,2027,9472791,596758,627380,1357582,1495453,1510769,1420963,1048961,1414925
23,CE,Ceará,AsBSh,Nordeste,2028,9506193,590248,620551,1336891,1479171,1503054,1444909,1070057,1461312
23,CE,Ceará,AsBSh,Nordeste,2029,9537296,583746,613906,1317364,1460103,1496656,1463525,1094600,1507396
23,CE,Ceará,AsBSh,Nordeste,2030,9566063,577243,607358,1299021,1438391,1491950,1475868,1123142,1553090
24,RN,Rio Grande do Norte,AsBSh,Nordeste,2000,2837885,295277,298727,627953,493000,414251,272931,191447,244299
24,RN,Rio Grande do Norte,AsBSh,Nordeste,2001,2884661,298343,295866,629129,506829,422296,285468,197585,249145
24,RN,Rio Grande do Norte,AsBSh,Nordeste,2002,2930535,300593,293809,627530,522486,428404,299870,203809,254034
24,RN,Rio Grande do Norte,AsBSh,Nordeste,2003,2975550,301759,292830,623801,539036,433344,315442,210084,259254
24,RN,Rio Grande do Norte,AsBSh,Nordeste,2004,3019694,301494,293153,618970,555060,438316,331086,216343,265272
24,RN,Rio Grande do Norte,AsBSh,Nordeste,2005,3062933,299657,294719,613863,569556,444140,346054,222613,272331
24,RN,Rio Grande do Norte,AsBSh,Nordeste,2006,3105227,295521,298032,608593,582692,450687,360415,228910,280377
24,RN,Rio Grande do Norte,AsBSh,Nordeste,2007,3146552,291382,300549,603375,594611,457842,374199,235131,289463
24,RN,Rio Grande do Norte,AsBSh,Nordeste,2008,3186891,287200,301986,598843,604705,466073,386968,241883,299233
24,RN,Rio Grande do Norte,AsBSh,Nordeste,2009,3226259,283000,301987,595674,612210,475980,398181,250081,309146
24,RN,Rio Grande do Norte,AsBSh,Nordeste,2010,3264647,278834,300411,594186,616713,487845,407562,260221,318875
24,RN,Rio Grande do Norte,AsBSh,Nordeste,2011,3302061,274717,296523,595020,618382,501546,415164,272146,328563
24,RN,Rio Grande do Norte,AsBSh,Nordeste,2012,3338489,270660,292588,595800,617309,517090,420925,285857,338260
24,RN,Rio Grande do Norte,AsBSh,Nordeste,2013,3373959,266710,288563,596517,614123,533552,425607,300696,348191
24,RN,Rio Grande do Norte,AsBSh,Nordeste,2014,3408510,262920,284465,597051,609820,549535,430376,315619,358724
24,RN,Rio Grande do Norte,AsBSh,Nordeste,2015,3442175,259349,280320,597187,605201,564033,436034,329924,370127
24,RN,Rio Grande do Norte,AsBSh,Nordeste,2016,3474998,256027,276186,596707,600376,577202,442465,343666,382369
24,RN,Rio Grande do Norte,AsBSh,Nordeste,2017,3507003,252960,272112,595352,595560,589168,449557,356881,395413
24,RN,Rio Grande do Norte,AsBSh,Nordeste,2018,3538218,250143,268140,592795,591375,599328,457765,369172,409500
24,RN,Rio Grande do Norte,AsBSh,Nordeste,2019,3568644,247554,264328,588707,588477,606924,467673,380023,424958
24,RN,Rio Grande do Norte,AsBSh,Nordeste,2020,3598288,245167,260734,582976,587178,611540,479554,389180,441959
24,RN,Rio Grande do Norte,AsBSh,Nordeste,2021,3627158,242949,257391,574934,588142,613347,493255,396678,460462
24,RN,Rio Grande do Norte,AsBSh,Nordeste,2022,3655233,240856,254303,566902,589037,612433,508759,402450,480493
24,RN,Rio Grande do Norte,AsBSh,Nordeste,2023,3682477,238846,251462,558882,589863,609412,525164,407217,501631
24,RN,Rio Grande do Norte,AsBSh,Nordeste,2024,3708845,236864,248851,550939,590493,605270,541095,412086,523247
24,RN,Rio Grande do Norte,AsBSh,Nordeste,2025,3734326,234898,246440,543168,590732,600802,555562,417816,544908
24,RN,Rio Grande do Norte,AsBSh,Nordeste,2026,3758899,232926,244202,535651,590365,596122,568713,424301,566619
24,RN,Rio Grande do Norte,AsBSh,Nordeste,2027,3782539,230945,242091,528457,589130,591452,580664,431430,588370
24,RN,Rio Grande do Norte,AsBSh,Nordeste,2028,3805207,228972,240060,521604,586704,587401,590825,439638,610003
24,RN,Rio Grande do Norte,AsBSh,Nordeste,2029,3826891,227017,238062,515142,582759,584628,598453,449478,631352
24,RN,Rio Grande do Norte,AsBSh,Nordeste,2030,3847580,225087,236074,509102,577184,583441,603137,461213,652342
25,PB,Paraíba,AsBSh,Nordeste,2000,3472839,347630,362982,782084,591478,467125,331677,247963,341900
25,PB,Paraíba,AsBSh,Nordeste,2001,3507296,348729,356646,776014,610165,475455,341610,253330,345347
25,PB,Paraíba,AsBSh,Nordeste,2002,3542012,350312,351218,766722,630516,482219,353012,259242,348771
25,PB,Paraíba,AsBSh,Nordeste,2003,3576975,351981,346999,755178,651067,488334,365463,265465,352488
25,PB,Paraíba,AsBSh,Nordeste,2004,3612078,353266,344215,742839,669616,495213,378282,271624,357023
25,PB,Paraíba,AsBSh,Nordeste,2005,3647204,353967,342724,730833,684671,503802,390998,277551,362658
25,PB,Paraíba,AsBSh,Nordeste,2006,3682222,351590,344678,719126,696753,513732,403696,283291,369356
25,PB,Paraíba,AsBSh,Nordeste,2007,3717022,348692,347155,707822,706312,524637,416492,288756,377156
25,PB,Paraíba,AsBSh,Nordeste,2008,3751507,345258,349741,697592,712785,536966,428896,294477,385792
25,PB,Paraíba,AsBSh,Nordeste,2009,3785598,341344,351954,689069,715570,551305,440211,301269,394876
25,PB,Paraíba,AsBSh,Nordeste,2010,3819237,337051,353588,682496,714388,567849,450089,309600,404176
25,PB,Paraíba,AsBSh,Nordeste,2011,3852082,332378,352064,680040,709763,586176,458594,319333,413734
25,PB,Paraíba,AsBSh,Nordeste,2012,3883822,327319,349859,678781,702087,606127,465606,330464,423579
25,PB,Paraíba,AsBSh,Nordeste,2013,3914421,321975,346940,678601,692258,626308,471995,342597,433747
25,PB,Paraíba,AsBSh,Nordeste,2014,3943885,316471,343343,679230,681661,644595,479129,355099,444357
25,PB,Paraíba,AsBSh,Nordeste,2015,3972202,310943,339141,680292,671361,659545,487912,367517,455491
25,PB,Paraíba,AsBSh,Nordeste,2016,3999415,305512,334450,681415,661300,671660,497997,379930,467151
25,PB,Paraíba,AsBSh,Nordeste,2017,4025558,300286,329366,682230,651542,681370,509028,392437,479299
25,PB,Paraíba,AsBSh,Nordeste,2018,4050662,295318,323992,682299,642702,688124,521441,404580,492206
25,PB,Paraíba,AsBSh,Nordeste,2019,4074755,290641,318457,681199,635364,691323,535803,415705,506263
25,PB,Paraíba,AsBSh,Nordeste,2020,4097859,286265,312900,678785,629742,690688,552301,425491,521687
25,PB,Paraíba,AsBSh,Nordeste,2021,4119993,282155,307435,672715,628021,686697,570527,434000,538443
25,PB,Paraíba,AsBSh,Nordeste,2022,4141161,278258,302174,665610,627398,679710,590324,441120,556567
25,PB,Paraíba,AsBSh,Nordeste,2023,4161337,274518,297170,657529,627769,670599,610333,447674,575745
25,PB,Paraíba,AsBSh,Nordeste,2024,4180508,270898,292455,648633,628895,660697,628497,454951,595482
25,PB,Paraíba,AsBSh,Nordeste,2025,4198671,267374,288042,639124,630429,651044,643410,463808,615440
25,PB,Paraíba,AsBSh,Nordeste,2026,4215840,263937,283899,629222,632038,641589,655558,473910,635687
25,PB,Paraíba,AsBSh,Nordeste,2027,4232008,260585,279971,619136,633377,632394,665347,484929,656269
25,PB,Paraíba,AsBSh,Nordeste,2028,4247157,257333,276197,609020,634028,624065,672239,497272,677003
25,PB,Paraíba,AsBSh,Nordeste,2029,4261314,254196,272544,599033,633586,617175,675655,511476,697649
25,PB,Paraíba,AsBSh,Nordeste,2030,4274504,251184,268992,589322,631902,611942,675322,527714,718126
26,PE,Pernambuco,AsBSh,Nordeste,2000,8119689,851750,843264,1763950,1458587,1135571,815757,562786,688024
26,PE,Pernambuco,AsBSh,Nordeste,2001,8212595,856764,837978,1751785,1491221,1157900,840383,578180,698384
26,PE,Pernambuco,AsBSh,Nordeste,2002,8304375,859693,834670,1734816,1525151,1178942,867025,595027,709051
26,PE,Pernambuco,AsBSh,Nordeste,2003,8395002,859923,833686,1715204,1558148,1199654,894939,612894,720554
26,PE,Pernambuco,AsBSh,Nordeste,2004,8484308,856815,835171,1696085,1586918,1221451,922959,631126,733783
26,PE,Pernambuco,AsBSh,Nordeste,2005,8572129,850489,838386,1679757,1609286,1245240,950344,649372,749255
26,PE,Pernambuco,AsBSh,Nordeste,2006,8658333,838639,845110,1666059,1626184,1270527,977206,667709,766899
26,PE,Pernambuco,AsBSh,Nordeste,2007,8742825,826245,849819,1655173,1638397,1296784,1003568,685994,786845
26,PE,Pernambuco,AsBSh,Nordeste,2008,8825549,813301,851862,1647733,1645428,1324387,1029254,704884,808700
26,PE,Pernambuco,AsBSh,Nordeste,2009,8906488,799967,850568,1643929,1646835,1353843,1054080,725413,831853
26,PE,Pernambuco,AsBSh,Nordeste,2010,8985658,786467,846027,1643250,1642594,1385201,1078017,748153,855949
26,PE,Pernambuco,AsBSh,Nordeste,2011,9062506,772862,835788,1647632,1633275,1417921,1100960,772809,881259
26,PE,Pernambuco,AsBSh,Nordeste,2012,9136697,759210,824683,1651618,1619279,1451913,1122689,799344,907961
26,PE,Pernambuco,AsBSh,Nordeste,2013,9208550,745749,812700,1654903,1602697,1485082,1144147,827102,936170
26,PE,Pernambuco,AsBSh,Nordeste,2014,9278152,732712,799984,1656937,1586528,1514246,1166675,854996,966074
26,PE,Pernambuco,AsBSh,Nordeste,2015,9345603,720322,786731,1657066,1572972,1537270,1191115,882326,997801
26,PE,Pernambuco,AsBSh,Nordeste,2016,9410772,708688,773180,1654691,1561798,1554985,1216941,909163,1031326
26,PE,Pernambuco,AsBSh,Nordeste,2017,9473707,697854,759569,1649241,1553153,1568139,1243636,935521,1066594
26,PE,Pernambuco,AsBSh,Nordeste,2018,9534634,687786,746139,1640082,1547672,1576277,1271596,961247,1103835
26,PE,Pernambuco,AsBSh,Nordeste,2019,9593588,678410,733128,1626698,1545505,1578949,1301318,986164,1143416
26,PE,Pernambuco,AsBSh,Nordeste,2020,9650604,669624,720760,1609366,1546138,1576112,1332853,1010253,1185498
26,PE,Pernambuco,AsBSh,Nordeste,2021,9705888,661338,709155,1586061,1551656,1568393,1365777,1033472,1230036
26,PE,Pernambuco,AsBSh,Nordeste,2022,9759391,653458,698358,1561910,1556796,1556138,1400028,1055629,1277074
26,PE,Pernambuco,AsBSh,Nordeste,2023,9810850,645893,688323,1537089,1561232,1541269,1433476,1077521,1326047
26,PE,Pernambuco,AsBSh,Nordeste,2024,9860222,638585,678971,1511957,1564468,1526709,1463014,1100395,1376123
26,PE,Pernambuco,AsBSh,Nordeste,2025,9907481,631493,670204,1486919,1565873,1514620,1486548,1125060,1426764
26,PE,Pernambuco,AsBSh,Nordeste,2026,9952805,624604,661940,1462344,1564966,1504876,1504971,1151057,1478047
26,PE,Pernambuco,AsBSh,Nordeste,2027,9996161,617924,654086,1438511,1561188,1497618,1519003,1177900,1529931
26,PE,Pernambuco,AsBSh,Nordeste,2028,10037301,611477,646540,1415596,1553827,1493388,1528107,1205916,1582450
26,PE,Pernambuco,AsBSh,Nordeste,2029,10076186,605260,639242,1393763,1542359,1492350,1531852,1235590,1635770
26,PE,Pernambuco,AsBSh,Nordeste,2030,10112795,599258,632162,1373129,1527029,1494020,1530186,1266978,1690033
27,AL,Alagoas,AsBSh,Nordeste,2000,2897881,357734,340084,667595,511852,378920,266936,175975,198785
27,AL,Alagoas,AsBSh,Nordeste,2001,2937414,358742,340450,665032,526714,387342,274875,181927,202332
27,AL,Alagoas,AsBSh,Nordeste,2002,2975948,358854,341233,660766,542322,395121,283012,188302,206338
27,AL,Alagoas,AsBSh,Nordeste,2003,3013346,357850,342459,655694,557504,402707,291359,194967,210806
27,AL,Alagoas,AsBSh,Nordeste,2004,3049431,355610,343990,651097,570538,410792,299926,201712,215766
27,AL,Alagoas,AsBSh,Nordeste,2005,3084050,352592,345098,647867,580297,419833,308698,208420,221245
27,AL,Alagoas,AsBSh,Nordeste,2006,3117060,347724,346707,645821,587211,429544,317689,215124,227240
27,AL,Alagoas,AsBSh,Nordeste,2007,3148387,342239,347471,644898,591635,439614,326965,221803,233762
27,AL,Alagoas,AsBSh,Nordeste,2008,3177975,336215,347158,645084,593593,450280,336257,228554,240834
27,AL,Alagoas,AsBSh,Nordeste,2009,3205791,329796,345648,646039,593259,461875,345163,235528,248483
27,AL,Alagoas,AsBSh,Nordeste,2010,3231836,323146,343390,646968,590845,474473,353474,242816,256724
27,AL,Alagoas,AsBSh,Nordeste,2011,3256277,316332,339282,648931,586703,487852,361255,250361,265561
27,AL,Alagoas,AsBSh,Nordeste,2012,3279289,309421,334497,650610,581144,502023,368468,258110,275016
27,AL,Alagoas,AsBSh,Nordeste,2013,3300935,302574,329082,651767,575035,515875,375544,266071,284987
27,AL,Alagoas,AsBSh,Nordeste,2014,3321305,295934,323147,652115,569596,527780,383151,274250,295332
27,AL,Alagoas,AsBSh,Nordeste,2015,3340502,289640,316796,651352,565712,536680,391720,282632,305970
27,AL,Alagoas,AsBSh,Nordeste,2016,3358527,283664,310189,649276,563227,543019,400986,291229,316937
27,AL,Alagoas,AsBSh,Nordeste,2017,3375382,277968,303477,645739,562061,547144,410654,300112,328227
27,AL,Alagoas,AsBSh,Nordeste,2018,3391142,272540,296820,640562,562197,549090,420944,309044,339945
27,AL,Alagoas,AsBSh,Nordeste,2019,3405893,267357,290361,633723,563309,549025,432187,317665,352266
27,AL,Alagoas,AsBSh,Nordeste,2020,3419689,262386,284237,625753,564624,547156,444459,325784,365290
27,AL,Alagoas,AsBSh,Nordeste,2021,3432603,257679,278423,615741,567087,543726,457527,333446,378974
27,AL,Alagoas,AsBSh,Nordeste,2022,3444654,253269,272881,604994,569349,538907,471375,340586,393293
27,AL,Alagoas,AsBSh,Nordeste,2023,3455890,249113,267596,593705,571209,533533,484944,347621,408169
27,AL,Alagoas,AsBSh,Nordeste,2024,3466324,245182,262545,582108,572396,528771,496678,355169,423475
27,AL,Alagoas,AsBSh,Nordeste,2025,3476012,241452,257706,570434,572615,525481,505562,363634,439128
27,AL,Alagoas,AsBSh,Nordeste,2026,3485000,237913,253120,558806,571685,523519,512023,372764,455170
27,AL,Alagoas,AsBSh,Nordeste,2027,3493288,234559,248822,547322,569450,522812,516384,382280,471659
27,AL,Alagoas,AsBSh,Nordeste,2028,3500899,231384,244774,536128,565716,523355,518681,392391,488470
27,AL,Alagoas,AsBSh,Nordeste,2029,3507837,228373,240944,525342,560429,524857,519056,403400,505436
27,AL,Alagoas,AsBSh,Nordeste,2030,3514114,225504,237313,515069,554091,526576,517710,415385,522466
28,SE,Sergipe,AsBSh,Nordeste,2000,1824047,207989,202893,412733,332616,256417,172169,111368,127862
28,SE,Sergipe,AsBSh,Nordeste,2001,1856879,210954,202920,412819,341952,263190,178974,115627,130443
28,SE,Sergipe,AsBSh,Nordeste,2002,1888967,212810,203345,411728,352013,269416,186200,120133,133322
28,SE,Sergipe,AsBSh,Nordeste,2003,1920338,213477,204245,409925,362203,275352,193774,124835,136527
28,SE,Sergipe,AsBSh,Nordeste,2004,1950985,212852,205646,408135,371612,281407,201579,129661,140093
28,SE,Sergipe,AsBSh,Nordeste,2005,1980891,211015,207392,406866,379632,287854,209525,134567,144040
28,SE,Sergipe,AsBSh,Nordeste,2006,2010083,206846,210536,406121,386436,294580,217605,139573,148386
28,SE,Sergipe,AsBSh,Nordeste,2007,2038561,202759,212591,405994,392121,301475,225836,144657,153128
28,SE,Sergipe,AsBSh,Nordeste,2008,2066358,198764,213474,406588,396584,308754,234011,149934,158249
28,SE,Sergipe,AsBSh,Nordeste,2009,2093507,194910,213066,407927,399758,316720,241814,155591,163721
28,SE,Sergipe,AsBSh,Nordeste,2010,2120052,191254,211441,409875,401647,325499,249080,161734,169522
28,SE,Sergipe,AsBSh,Nordeste,2011,2145945,187809,207463,413526,402319,334987,255849,168303,175689
28,SE,Sergipe,AsBSh,Nordeste,2012,2171137,184585,203533,416420,401793,345186,262095,175270,182255
28,SE,Sergipe,AsBSh,Nordeste,2013,2195662,181609,199650,418542,400527,355511,268062,182565,189196
28,SE,Sergipe,AsBSh,Nordeste,2014,2219574,178904,195865,419809,399220,365063,274151,190077,196485
28,SE,Sergipe,AsBSh,Nordeste,2015,2242937,176488,192224,420131,398382,373243,280628,197727,204114
28,SE,Sergipe,AsBSh,Nordeste,2016,2265779,174361,188768,419437,398012,380214,287380,205520,212087
28,SE,Sergipe,AsBSh,Nordeste,2017,2288116,172499,185531,417655,398194,386052,294309,213463,220413
28,SE,Sergipe,AsBSh,Nordeste,2018,2309961,170864,182544,414703,399035,390661,301617,221361,229176
28,SE,Sergipe,AsBSh,Nordeste,2019,2331323,169413,179828,410522,400550,393965,309599,228926,238520
28,SE,Sergipe,AsBSh,Nordeste,2020,2352207,168102,177397,405239,402602,395976,318369,235998,248524
28,SE,Sergipe,AsBSh,Nordeste,2021,2372637,166901,175254,397787,406314,396767,327834,242613,259167
28,SE,Sergipe,AsBSh,Nordeste,2022,2392601,165782,173379,390597,409273,396376,337991,248749,270454
28,SE,Sergipe,AsBSh,Nordeste,2023,2412078,164719,171733,383697,411464,395260,348269,254642,282294
28,SE,Sergipe,AsBSh,Nordeste,2024,2431072,163699,170271,377168,412808,394101,357794,260667,294564
28,SE,Sergipe,AsBSh,Nordeste,2025,2449564,162708,168952,371072,413220,393391,365983,267069,307169
28,SE,Sergipe,AsBSh,Nordeste,2026,2467561,161735,167739,365453,412633,393142,372984,273751,320124
28,SE,Sergipe,AsBSh,Nordeste,2027,2485037,160775,166610,360315,410986,393438,378862,280616,333435
28,SE,Sergipe,AsBSh,Nordeste,2028,2501980,159827,165535,355653,408186,394388,383533,287856,347002
28,SE,Sergipe,AsBSh,Nordeste,2029,2518373,158888,164505,351448,404177,396004,386923,295740,360688
28,SE,Sergipe,AsBSh,Nordeste,2030,2534193,157951,163501,347672,399075,398152,389038,304379,374425
29,BA,Bahia,AsBSh,Nordeste,2000,13519548,1433980,1461758,3124567,2431002,1824887,1322743,869551,1051060
29,BA,Bahia,AsBSh,Nordeste,2001,13664222,1419689,1448196,3084248,2514387,1859823,1366851,896435,1074593
29,BA,Bahia,AsBSh,Nordeste,2002,13805391,1405424,1435829,3031077,2603913,1893384,1411510,925142,1099112
29,BA,Bahia,AsBSh,Nordeste,2003,13942631,1390610,1424501,2971423,2691680,1927657,1456054,955734,1124972
29,BA,Bahia,AsBSh,Nordeste,2004,14075570,1374912,1413852,2914517,2765950,1965661,1499576,988303,1152799
29,BA,Bahia,AsBSh,Nordeste,2005,14203837,1359186,1402359,2866418,2819111,2009391,1541537,1022852,1182983
29,BA,Bahia,AsBSh,Nordeste,2006,14327129,1342046,1390985,2826190,2853280,2057675,1582072,1059277,1215604
29,BA,Bahia,AsBSh,Nordeste,2007,14445266,1323313,1379642,2793959,2869790,2108869,1621367,1097470,1250856
29,BA,Bahia,AsBSh,Nordeste,2008,14558148,1303314,1367756,2768246,2869024,2164782,1659304,1137164,1288558
29,BA,Bahia,AsBSh,Nordeste,2009,14665810,1282462,1354986,2745568,2852516,2228155,1695706,1177991,1328426
29,BA,Bahia,AsBSh,Nordeste,2010,14768312,1261213,1342161,2722604,2821855,2299808,1730731,1219631,1370309
29,BA,Bahia,AsBSh,Nordeste,2011,14865405,1239677,1327665,2701170,2778502,2377749,1764504,1261856,1414282
29,BA,Bahia,AsBSh,Nordeste,2012,14957177,1217917,1311098,2681157,2723622,2461640,1796923,1304533,1460287
29,BA,Bahia,AsBSh,Nordeste,2013,15044137,1196281,1292771,2661715,2663341,2544113,1830091,1347106,1508719
29,BA,Bahia,AsBSh,Nordeste,2014,15126371,1175003,1273049,2641975,2606557,2613931,1866926,1388749,1560181
29,BA,Bahia,AsBSh,Nordeste,2015,15203934,1154241,1252326,2621047,2559181,2663809,1909361,1428959,1615010
29,BA,Bahia,AsBSh,Nordeste,2016,15276566,1134070,1231011,2598291,2520297,2695767,1956191,1467830,1673109
29,BA,Bahia,AsBSh,Nordeste,2017,15344447,1114626,1209459,2573368,2489922,2711180,2005800,1505563,1734529
29,BA,Bahia,AsBSh,Nordeste,2018,15408073,1095952,1188026,2545967,2466645,2710536,2060003,1542080,1798864
29,BA,Bahia,AsBSh,Nordeste,2019,15467527,1078043,1166941,2516055,2447053,2695326,2121449,1577184,1865476
29,BA,Bahia,AsBSh,Nordeste,2020,15522855,1060893,1146361,2484775,2427841,2667127,2190921,1611017,1933920
29,BA,Bahia,AsBSh,Nordeste,2021,15574542,1044417,1126419,2451160,2410603,2627187,2266681,1643834,2004241
29,BA,Bahia,AsBSh,Nordeste,2022,15622585,1028446,1107235,2415353,2395028,2576154,2348437,1675535,2076397
29,BA,Bahia,AsBSh,Nordeste,2023,15666521,1012822,1088805,2377914,2380189,2519761,2428895,1707983,2150152
29,BA,Bahia,AsBSh,Nordeste,2024,15706339,997475,1071129,2339410,2365227,2466654,2497204,1743946,2225294
29,BA,Bahia,AsBSh,Nordeste,2025,15742074,982413,1054203,2300384,2349257,2422581,2546334,1785250,2301652
29,BA,Bahia,AsBSh,Nordeste,2026,15774088,967695,1037936,2261378,2331713,2386821,2578390,1830856,2379299
29,BA,Bahia,AsBSh,Nordeste,2027,15802419,953394,1022163,2222867,2312214,2359405,2594690,1879226,2458460
29,BA,Bahia,AsBSh,Nordeste,2028,15826769,939571,1006729,2185175,2290321,2338847,2595552,1931977,2538597
29,BA,Bahia,AsBSh,Nordeste,2029,15847159,926264,991562,2148520,2265959,2321853,2582440,1991619,2618942
29,BA,Bahia,AsBSh,Nordeste,2030,15863601,913449,976674,2113060,2240205,2305221,2556878,2058898,2699216
31,MG,Minas Gerais,Cf,Sudeste,2000,18178042,1680973,1732793,3673088,3173709,2767102,2163760,1371542,1615075
31,MG,Minas Gerais,Cf,Sudeste,2001,18402608,1675650,1722396,3650180,3247000,2785621,2236793,1425079,1659889
31,MG,Minas Gerais,Cf,Sudeste,2002,18620721,1666107,1712354,3617329,3327552,2798250,2308820,1483466,1706843
31,MG,Minas Gerais,Cf,Sudeste,2003,18832431,1652716,1702491,3578810,3408305,2809593,2377967,1546010,1756539
31,MG,Minas Gerais,Cf,Sudeste,2004,19037702,1635819,1692533,3540760,3478888,2826366,2441647,1611683,1810006
31,MG,Minas Gerais,Cf,Sudeste,2005,19236503,1616387,1681576,3507238,3532552,2852900,2498259,1679668,1867923
31,MG,Minas Gerais,Cf,Sudeste,2006,19428834,1587594,1676519,3478058,3570340,2888210,2548135,1749595,1930383
31,MG,Minas Gerais,Cf,Sudeste,2007,19614742,1559692,1667253,3453808,3592244,2931604,2591616,1820934,1997591
31,MG,Minas Gerais,Cf,Sudeste,2008,19794278,1532612,1654138,3433211,3599618,2983220,2628705,1893115,2069659
31,MG,Minas Gerais,Cf,Sudeste,2009,19967560,1506462,1637498,3413485,3595565,3042775,2659544,1965539,2146692
31,MG,Minas Gerais,Cf,Sudeste,2010,20134742,1481367,1618298,3392193,3582503,3109294,2684775,2037553,2228759
31,MG,Minas Gerais,Cf,Sudeste,2011,20294485,1457308,1589618,3376844,3559767,3182031,2704399,2108697,2315821
31,MG,Minas Gerais,Cf,Sudeste,2012,20446840,1434298,1561674,3357571,3527073,3261507,2718032,2178859,2407826
31,MG,Minas Gerais,Cf,Sudeste,2013,20593356,1412425,1534496,3334674,3488924,3341201,2730391,2246362,2504883
31,MG,Minas Gerais,Cf,Sudeste,2014,20734097,1391618,1508196,3308191,3451368,3410903,2748006,2308720,2607095
31,MG,Minas Gerais,Cf,Sudeste,2015,20869101,1371765,1482883,3278172,3418426,3463970,2775088,2364392,2714405
31,MG,Minas Gerais,Cf,Sudeste,2016,20997560,1352750,1458618,3244567,3389736,3501154,2810517,2413638,2826580
31,MG,Minas Gerais,Cf,Sudeste,2017,21119536,1334539,1435441,3207505,3365869,3522476,2853604,2456747,2943355
31,MG,Minas Gerais,Cf,Sudeste,2018,21235870,1317056,1413397,3167351,3345773,3529505,2904634,2493762,3064392
31,MG,Minas Gerais,Cf,Sudeste,2019,21346492,1300177,1392417,3124534,3326697,3525294,2963317,2524790,3189266
31,MG,Minas Gerais,Cf,Sudeste,2020,21451356,1283828,1372386,3080115,3306238,3512229,3028690,2550436,3317434
31,MG,Minas Gerais,Cf,Sudeste,2021,21551426,1267935,1353318,3027532,3292149,3490201,3100569,2570992,3448730
31,MG,Minas Gerais,Cf,Sudeste,2022,21646641,1252352,1335182,2977024,3274491,3458893,3179497,2586124,3583078
31,MG,Minas Gerais,Cf,Sudeste,2023,21735850,1236919,1317778,2928406,3253232,3422185,3258521,2600024,3718785
31,MG,Minas Gerais,Cf,Sudeste,2024,21818937,1221585,1300988,2881709,3228411,3386038,3327673,2618943,3853590
31,MG,Minas Gerais,Cf,Sudeste,2025,21895816,1206350,1284725,2836914,3200071,3354411,3380469,2646910,3985966
31,MG,Minas Gerais,Cf,Sudeste,2026,21967474,1191276,1268912,2794195,3168462,3327448,3418063,2683068,4116050
31,MG,Minas Gerais,Cf,Sudeste,2027,22033876,1176395,1253404,2753576,3133688,3305642,3440512,2726779,4243880
31,MG,Minas Gerais,Cf,Sudeste,2028,22093910,1161713,1238039,2714808,3095807,3287488,3448946,2778084,4369025
31,MG,Minas Gerais,Cf,Sudeste,2029,22147479,1147253,1222773,2677705,3055229,3270284,3446380,2836688,4491167
31,MG,Minas Gerais,Cf,Sudeste,2030,22194468,1132998,1207603,2642075,3012984,3251660,3435165,2901648,4610335
32,ES,Espírito Santo,AsBSh,Sudeste,2000,3194255,307461,306624,656113,580165,497562,385144,216853,244333
32,ES,Espírito Santo,AsBSh,Sudeste,2001,3244851,307133,305987,653947,594302,503211,399890,228560,251821
32,ES,Espírito Santo,AsBSh,Sudeste,2002,3295622,306108,306060,650194,609627,508306,413743,241815,259769
32,ES,Espírito Santo,AsBSh,Sudeste,2003,3346440,304127,306949,645556,625095,513467,426647,256333,268266
32,ES,Espírito Santo,AsBSh,Sudeste,2004,3397224,300950,308727,641045,639182,519584,438596,271673,277467
32,ES,Espírito Santo,AsBSh,Sudeste,2005,3447900,296416,311379,637387,650893,527230,449595,287504,287496
32,ES,Espírito Santo,AsBSh,Sudeste,2006,3498381,293972,311276,634678,660343,536295,459645,303767,298405
32,ES,Espírito Santo,AsBSh,Sudeste,2007,3548614,291383,310461,633159,667469,546725,468806,320375,310236
32,ES,Espírito Santo,AsBSh,Sudeste,2008,3598524,288702,308675,632941,672381,558528,477118,336991,323188
32,ES,Espírito Santo,AsBSh,Sudeste,2009,3648075,285976,305678,633986,675410,571645,484658,353155,337567
32,ES,Espírito Santo,AsBSh,Sudeste,2010,3697243,283247,301314,636249,676853,585922,491550,368561,353547
32,ES,Espírito Santo,AsBSh,Sudeste,2011,3745577,280533,298986,636200,676548,601236,497824,383167,371083
32,ES,Espírito Santo,AsBSh,Sudeste,2012,3792874,277844,296445,635975,674373,617637,503484,396929,390187
32,ES,Espírito Santo,AsBSh,Sudeste,2013,3839366,275219,293772,635463,671072,634128,509186,409803,410723
32,ES,Espírito Santo,AsBSh,Sudeste,2014,3885049,272680,291012,634507,667655,649173,515806,421769,432447
32,ES,Espírito Santo,AsBSh,Sudeste,2015,3929911,270237,288204,632945,664859,661752,523908,432826,455180
32,ES,Espírito Santo,AsBSh,Sudeste,2016,3973697,267843,285385,630566,662765,671896,533356,442966,478920
32,ES,Espírito Santo,AsBSh,Sudeste,2017,4016356,265458,282587,627184,661646,679520,544098,452239,503624
32,ES,Espírito Santo,AsBSh,Sudeste,2018,4058079,263084,279857,622611,661667,684771,556183,460696,529210
32,ES,Espírito Santo,AsBSh,Sudeste,2019,4098852,260718,277213,616647,662813,687967,569548,468405,555541
32,ES,Espírito Santo,AsBSh,Sudeste,2020,4138657,258364,274665,609198,665027,689390,584039,475486,582488
32,ES,Espírito Santo,AsBSh,Sudeste,2021,4177644,256048,272198,603762,664946,689042,599634,482010,610004
32,ES,Espírito Santo,AsBSh,Sudeste,2022,4215796,253793,269765,598172,664755,686896,616360,487999,638056
32,ES,Espírito Santo,AsBSh,Sudeste,2023,4252873,251577,267341,592503,664264,683612,633146,494018,666412
32,ES,Espírito Santo,AsBSh,Sudeste,2024,4288849,249393,264922,586818,663305,680206,648458,500926,694821
32,ES,Espírito Santo,AsBSh,Sudeste,2025,4323701,247230,262516,581170,661701,677433,661290,509269,723092
32,ES,Espírito Santo,AsBSh,Sudeste,2026,4357586,245107,260153,575599,659292,675472,671754,518961,751248
32,ES,Espírito Santo,AsBSh,Sudeste,2027,4390464,243039,257851,570105,655873,674578,679763,529969,779286
32,ES,Espírito Santo,AsBSh,Sudeste,2028,4422131,241020,255593,564685,651207,674836,685374,542287,807129
32,ES,Espírito Santo,AsBSh,Sudeste,2029,4452546,239043,253367,559363,645099,676221,688902,555845,834706
32,ES,Espírito Santo,AsBSh,Sudeste,2030,4481671,237102,251162,554151,637457,678668,690637,570490,862004
33,RJ,Rio de Janeiro,AsBSh,Sudeste,2000,14802363,1317637,1268490,2553057,2561559,2337530,1984085,1274067,1505938
33,RJ,Rio de Janeiro,AsBSh,Sudeste,2001,14954176,1305699,1282846,2538005,2587219,2341996,2030608,1327838,1539965
33,RJ,Rio de Janeiro,AsBSh,Sudeste,2002,15100157,1287095,1295764,2523144,2613190,2345753,2074718,1386422,1574071
33,RJ,Rio de Janeiro,AsBSh,Sudeste,2003,15240284,1262990,1305920,2511235,2636444,2350742,2115132,1447861,1609960
33,RJ,Rio de Janeiro,AsBSh,Sudeste,2004,15374696,1234999,1311922,2505906,2652729,2359598,2149989,1509428,1650125
33,RJ,Rio de Janeiro,AsBSh,Sudeste,2005,15503631,1205315,1312146,2509040,2659623,2373817,2178303,1569316,1696071
33,RJ,Rio de Janeiro,AsBSh,Sudeste,2006,15627358,1181362,1300049,2520147,2657035,2393261,2200416,1627372,1747716
33,RJ,Rio de Janeiro,AsBSh,Sudeste,2007,15746038,1158575,1281297,2539234,2644095,2418142,2216323,1683077,1805295
33,RJ,Rio de Janeiro,AsBSh,Sudeste,2008,15859866,1137134,1257050,2562311,2624387,2446668,2227593,1736457,1868266
33,RJ,Rio de Janeiro,AsBSh,Sudeste,2009,15969092,1117133,1228932,2583201,2603668,2475956,2236629,1787918,1935655
33,RJ,Rio de Janeiro,AsBSh,Sudeste,2010,16074006,1098619,1199124,2596878,2585960,2503842,2245208,1837569,2006806
33,RJ,Rio de Janeiro,AsBSh,Sudeste,2011,16175495,1081641,1175101,2597377,2569903,2531116,2253219,1885088,2082050
33,RJ,Rio de Janeiro,AsBSh,Sudeste,2012,16273984,1066224,1152339,2590149,2554237,2558657,2260405,1930478,2161495
33,RJ,Rio de Janeiro,AsBSh,Sudeste,2013,16369179,1052291,1130990,2574977,2541652,2583385,2268578,1972433,2244873
33,RJ,Rio de Janeiro,AsBSh,Sudeste,2014,16461173,1039689,1111142,2552058,2535773,2601121,2280289,2009139,2331962
33,RJ,Rio de Janeiro,AsBSh,Sudeste,2015,16550024,1028195,1092832,2521937,2538449,2609518,2296993,2039613,2422487
33,RJ,Rio de Janeiro,AsBSh,Sudeste,2016,16635996,1017525,1076073,2485504,2549242,2608610,2318632,2064165,2516245
33,RJ,Rio de Janeiro,AsBSh,Sudeste,2017,16718956,1007396,1060864,2443816,2568149,2597544,2345432,2082770,2612985
33,RJ,Rio de Janeiro,AsBSh,Sudeste,2018,16798421,997589,1047121,2398146,2591149,2579762,2375614,2096851,2712189
33,RJ,Rio de Janeiro,AsBSh,Sudeste,2019,16874306,987944,1034697,2350169,2612140,2560964,2406388,2108686,2813318
33,RJ,Rio de Janeiro,AsBSh,Sudeste,2020,16946541,978373,1023368,2302094,2626148,2545119,2435670,2119940,2915829
33,RJ,Rio de Janeiro,AsBSh,Sudeste,2021,17014734,968851,1012825,2261265,2626988,2530707,2464121,2130472,3019505
33,RJ,Rio de Janeiro,AsBSh,Sudeste,2022,17078778,959400,1002787,2223156,2619910,2516458,2492635,2140111,3124321
33,RJ,Rio de Janeiro,AsBSh,Sudeste,2023,17138897,950060,993070,2187904,2604790,2505186,2518342,2150665,3228880
33,RJ,Rio de Janeiro,AsBSh,Sudeste,2024,17195010,940846,983514,2155467,2581829,2500434,2537157,2164504,3331259
33,RJ,Rio de Janeiro,AsBSh,Sudeste,2025,17247068,931750,974029,2125652,2551590,2504037,2546767,2182994,3430249
33,RJ,Rio de Janeiro,AsBSh,Sudeste,2026,17294738,922757,964586,2098145,2514900,2515441,2547066,2206004,3525839
33,RJ,Rio de Janeiro,AsBSh,Sudeste,2027,17337930,913875,955210,2072660,2472846,2534663,2537207,2233725,3617744
33,RJ,Rio de Janeiro,AsBSh,Sudeste,2028,17376801,905093,945945,2048965,2426788,2557878,2520703,2264559,3706870
33,RJ,Rio de Janeiro,AsBSh,Sudeste,2029,17411225,896350,936804,2026745,2378436,2579059,2503163,2295856,3794812
33,RJ,Rio de Janeiro,AsBSh,Sudeste,2030,17441020,887536,927778,2005690,2329996,2593298,2488497,2325640,3882585
35,SP,São Paulo,Cf,Sudeste,2000,37799568,3372041,3306004,7089459,6929727,6082586,4806608,2971589,3241554
35,SP,São Paulo,Cf,Sudeste,2001,38323392,3391771,3305385,7059002,7021690,6146596,4949610,3110609,3338729
35,SP,São Paulo,Cf,Sudeste,2002,38835718,3396789,3311298,7012817,7119406,6207895,5087701,3260632,3439180
35,SP,São Paulo,Cf,Sudeste,2003,39336185,3385852,3323934,6957850,7216008,6269309,5219091,3418159,3545982
35,SP,São Paulo,Cf,Sudeste,2004,39824526,3357779,3343337,6903763,7301640,6334707,5341341,3578253,3663706
35,SP,São Paulo,Cf,Sudeste,2005,40300493,3311995,3368932,6857317,7370089,6406361,5453131,3737536,3795132
35,SP,São Paulo,Cf,Sudeste,2006,40763876,3262511,3385559,6821237,7419182,6484879,5554704,3895595,3940209
35,SP,São Paulo,Cf,Sudeste,2007,41214356,3213821,3387487,6799498,7445591,6571119,5645926,4051467,4099447
35,SP,São Paulo,Cf,Sudeste,2008,41651651,3165935,3373480,6791226,7451965,6663699,5728780,4204544,4272022
35,SP,São Paulo,Cf,Sudeste,2009,42075716,3118982,3342358,6793216,7443354,6760352,5806394,4354633,4456427
35,SP,São Paulo,Cf,Sudeste,2010,42486692,3073135,3293563,6803064,7423993,6858886,5881113,4501335,4651603
35,SP,São Paulo,Cf,Sudeste,2011,42888198,3028995,3241663,6809369,7391249,6961179,5953284,4644158,4858301
35,SP,São Paulo,Cf,Sudeste,2012,43281358,2987095,3191482,6809168,7342028,7069020,6022862,4782897,5076806
35,SP,São Paulo,Cf,Sudeste,2013,43663669,2947378,3142818,6801189,7283025,7174852,6092189,4915614,5306604
35,SP,São Paulo,Cf,Sudeste,2014,44035304,2909839,3095771,6784362,7224252,7268790,6164977,5039890,5547423
35,SP,São Paulo,Cf,Sudeste,2015,44396484,2874406,3050488,6757611,7172816,7344642,6243386,5154361,5798774
35,SP,São Paulo,Cf,Sudeste,2016,44749699,2841127,3007247,6720036,7132412,7400837,6328310,5259364,6060366
35,SP,São Paulo,Cf,Sudeste,2017,45094866,2809738,2966241,6670257,7107323,7434064,6420676,5354696,6331871
35,SP,São Paulo,Cf,Sudeste,2018,45429330,2779776,2927354,6606666,7096386,7446460,6518815,5442004,6611869
35,SP,São Paulo,Cf,Sudeste,2019,45752757,2750916,2890588,6528076,7096639,7443096,6620514,5524180,6898748
35,SP,São Paulo,Cf,Sudeste,2020,46064928,2722887,2855868,6434012,7105846,7428209,6723637,5603363,7191106
35,SP,São Paulo,Cf,Sudeste,2021,46363573,2695318,2823002,6338336,7111390,7398403,6829298,5679451,7488375
35,SP,São Paulo,Cf,Sudeste,2022,46648199,2667964,2791778,6245727,7109819,7350944,6939361,5752431,7790175
35,SP,São Paulo,Cf,Sudeste,2023,46920368,2640853,2761983,6156545,7100431,7293711,7047288,5825015,8094542
35,SP,São Paulo,Cf,Sudeste,2024,47179720,2613959,2733309,6070962,7081945,7236639,7143346,5900734,8398826
35,SP,São Paulo,Cf,Sudeste,2025,47426003,2587247,2705487,5989113,7053039,7186830,7221434,5981664,8701189
35,SP,São Paulo,Cf,Sudeste,2026,47657463,2560685,2678100,5910922,7012049,7146970,7279237,6068290,9001210
35,SP,São Paulo,Cf,Sudeste,2027,47873759,2534427,2650902,5836352,6957647,7121358,7313400,6161451,9298222
35,SP,São Paulo,Cf,Sudeste,2028,48076120,2508687,2623951,5765317,6888898,7109822,7326800,6259918,9592727
35,SP,São Paulo,Cf,Sudeste,2029,48264305,2483480,2597217,5697508,6804733,7109397,7324462,6361582,9885926
35,SP,São Paulo,Cf,Sudeste,2030,48437934,2458696,2570661,5632605,6704829,7117732,7310587,6464390,10178434
41,PR,Paraná,Cf,Sul,2000,9665334,913429,946383,1895337,1691910,1532266,1151374,743706,790929
41,PR,Paraná,Cf,Sul,2001,9786066,907091,944101,1894050,1711844,1549285,1189906,772942,816847
41,PR,Paraná,Cf,Sul,2002,9903412,899222,939814,1889764,1735466,1561694,1228845,804439,844168
41,PR,Paraná,Cf,Sul,2003,10017462,890666,933051,1883817,1760540,1570979,1267561,837687,873161
41,PR,Paraná,Cf,Sul,2004,10128262,882329,923305,1878278,1783582,1579435,1305160,871928,904245
41,PR,Paraná,Cf,Sul,2005,10235875,875404,909899,1874278,1802316,1588657,1340965,906667,937689
41,PR,Paraná,Cf,Sul,2006,10340390,859664,903694,1871048,1817284,1598359,1374958,941796,973587
41,PR,Paraná,Cf,Sul,2007,10441872,844563,895962,1868181,1828604,1608253,1407241,977020,1012048
41,PR,Paraná,Cf,Sul,2008,10540407,830087,887540,1864222,1836536,1619393,1436917,1012582,1053130
41,PR,Paraná,Cf,Sul,2009,10636065,816284,879334,1856900,1841803,1633156,1462727,1048966,1096895
41,PR,Paraná,Cf,Sul,2010,10728961,803186,872536,1844295,1844943,1650235,1484023,1086375,1143368
41,PR,Paraná,Cf,Sul,2011,10820421,790866,857041,1837293,1845960,1670898,1501162,1124538,1192663
41,PR,Paraná,Cf,Sul,2012,10910374,779316,842272,1826772,1844296,1695574,1514062,1163227,1244855
41,PR,Paraná,Cf,Sul,2013,10997465,768412,828105,1812907,1840921,1721746,1523997,1201727,1299650
41,PR,Paraná,Cf,Sul,2014,11081692,758051,814587,1796121,1837846,1745968,1533200,1239177,1356742
41,PR,Paraná,Cf,Sul,2015,11163018,748103,801746,1776951,1836141,1765988,1543252,1274916,1415921
41,PR,Paraná,Cf,Sul,2016,11242720,738585,789685,1756257,1835309,1782564,1554037,1309029,1477254
41,PR,Paraná,Cf,Sul,2017,11320892,729485,778399,1734773,1834912,1795792,1565293,1341644,1540594
41,PR,Paraná,Cf,Sul,2018,11396262,720682,767739,1713118,1833216,1805659,1577878,1371812,1606158
41,PR,Paraná,Cf,Sul,2019,11468818,712149,757605,1692272,1827962,1812867,1593147,1398348,1674468
41,PR,Paraná,Cf,Sul,2020,11538518,703891,747865,1673467,1817213,1817958,1611754,1420642,1745728
41,PR,Paraná,Cf,Sul,2021,11604353,695842,738393,1646404,1811433,1820395,1633492,1438745,1819649
41,PR,Paraná,Cf,Sul,2022,11666293,687934,729200,1620449,1801724,1819627,1658692,1452535,1896132
41,PR,Paraná,Cf,Sul,2023,11725343,680184,720316,1595698,1788720,1817146,1685330,1463485,1974464
41,PR,Paraná,Cf,Sul,2024,11781438,672561,711714,1572108,1772841,1814920,1710046,1473737,2053511
41,PR,Paraná,Cf,Sul,2025,11834496,665044,703401,1549572,1754597,1814016,1730621,1484798,2132447
41,PR,Paraná,Cf,Sul,2026,11883701,657534,695291,1527921,1734469,1813505,1747445,1496332,2211204
41,PR,Paraná,Cf,Sul,2027,11929009,649994,687308,1507178,1713196,1812965,1760579,1508070,2289719
41,PR,Paraná,Cf,Sul,2028,11971132,642471,679486,1487363,1691755,1811134,1770378,1521048,2367497
41,PR,Paraná,Cf,Sul,2029,12009993,634964,671796,1468346,1671112,1805768,1777547,1536567,2443893
41,PR,Paraná,Cf,Sul,2030,12045491,627451,664214,1450006,1652483,1794951,1782610,1555260,2518516
42,SC,Santa Catarina,Cf,Sul,2000,5454144,498681,526685,1070581,942167,903253,681312,410729,420736
42,SC,Santa Catarina,Cf,Sul,2001,5539977,491560,525745,1076733,958321,911017,709137,432449,435015
42,SC,Santa Catarina,Cf,Sul,2002,5626501,484097,523811,1080150,978753,915700,737577,456069,450344
42,SC,Santa Catarina,Cf,Sul,2003,5713792,476823,520629,1081774,1002082,918519,765883,481065,467017
42,SC,Santa Catarina,Cf,Sul,2004,5801932,470320,515919,1083202,1026069,921310,792957,506660,485495
42,SC,Santa Catarina,Cf,Sul,2005,5890979,465280,509330,1085335,1049204,925365,818040,532336,506089
42,SC,Santa Catarina,Cf,Sul,2006,5980986,459664,503313,1087793,1071507,930684,841171,558037,528817
42,SC,Santa Catarina,Cf,Sul,2007,6072000,454887,496916,1090496,1092695,937325,862409,583512,553760
42,SC,Santa Catarina,Cf,Sul,2008,6164049,450889,490678,1092648,1112386,946204,881248,609088,580908
42,SC,Santa Catarina,Cf,Sul,2009,6257173,447637,485188,1092932,1130307,958470,897048,635374,610217
42,SC,Santa Catarina,Cf,Sul,2010,6351418,445098,481150,1090280,1146280,974766,909551,662643,641650
42,SC,Santa Catarina,Cf,Sul,2011,6446209,443152,476417,1086877,1159694,995164,918978,690642,675285
42,SC,Santa Catarina,Cf,Sul,2012,6540596,441651,472280,1081352,1169626,1019861,925339,719283,711204
42,SC,Santa Catarina,Cf,Sul,2013,6634254,440532,468675,1074004,1176903,1047334,929793,747800,749213
42,SC,Santa Catarina,Cf,Sul,2014,6727148,439722,465575,1065202,1183092,1075260,934135,775111,789051
42,SC,Santa Catarina,Cf,Sul,2015,6819190,439113,462960,1055363,1189073,1102026,939659,800456,830540
42,SC,Santa Catarina,Cf,Sul,2016,6910553,438584,460841,1044990,1194514,1127616,946423,823903,873682
42,SC,Santa Catarina,Cf,Sul,2017,7001161,438051,459178,1034568,1199353,1151649,954510,845507,918345
42,SC,Santa Catarina,Cf,Sul,2018,7090682,437451,457911,1024576,1202742,1173605,964791,864772,964834
42,SC,Santa Catarina,Cf,Sul,2019,7179056,436755,456960,1015602,1203393,1193152,978405,881100,1013689
42,SC,Santa Catarina,Cf,Sul,2020,7266193,435965,456211,1008330,1200253,1210067,995978,894252,1065137
42,SC,Santa Catarina,Cf,Sul,2021,7351785,435085,455517,1000683,1195813,1223849,1017509,904363,1118966
42,SC,Santa Catarina,Cf,Sul,2022,7435729,434118,454789,994043,1189108,1233874,1043229,911433,1175135
42,SC,Santa Catarina,Cf,Sul,2023,7518134,433032,453997,988338,1180539,1241130,1071684,916643,1232771
42,SC,Santa Catarina,Cf,Sul,2024,7598890,431798,453108,983465,1170480,1247203,1100548,921736,1290552
42,SC,Santa Catarina,Cf,Sul,2025,7677890,430396,452123,979291,1159372,1252988,1128176,927964,1347580
42,SC,Santa Catarina,Cf,Sul,2026,7754883,428803,451053,975659,1147648,1258068,1154440,935349,1403863
42,SC,Santa Catarina,Cf,Sul,2027,7829737,427019,449882,972449,1135801,1262396,1178924,943979,1459287
42,SC,Santa Catarina,Cf,Sul,2028,7902540,425057,448589,969582,1124390,1265237,1201205,954772,1513708
42,SC,Santa Catarina,Cf,Sul,2029,7973192,422928,447143,966944,1114009,1265305,1220956,968847,1567060
42,SC,Santa Catarina,Cf,Sul,2030,8041587,420635,445528,964420,1105335,1261554,1237982,986811,1619322
43,RS,Rio Grande do Sul,Cf,Sul,2000,10266739,877450,904770,1886394,1644637,1617034,1376005,919033,1041416
43,RS,Rio Grande do Sul,Cf,Sul,2001,10365992,872241,901392,1876386,1671686,1607196,1411891,954480,1070720
43,RS,Rio Grande do Sul,Cf,Sul,2002,10459249,863612,896814,1860066,1705706,1592642,1447016,991853,1101540
43,RS,Rio Grande do Sul,Cf,Sul,2003,10546778,852489,890550,1840330,1742496,1576264,1479780,1030479,1134390
43,RS,Rio Grande do Sul,Cf,Sul,2004,10628806,839861,882085,1821554,1775758,1562230,1507844,1069437,1170037
43,RS,Rio Grande do Sul,Cf,Sul,2005,10705605,826928,870786,1806405,1801349,1553346,1529755,1108094,1208942
43,RS,Rio Grande do Sul,Cf,Sul,2006,10777424,805702,865313,1794240,1819743,1549299,1545824,1146155,1251148
43,RS,Rio Grande do Sul,Cf,Sul,2007,10844476,786142,856449,1785042,1830803,1549856,1556278,1183110,1296796
43,RS,Rio Grande do Sul,Cf,Sul,2008,10906958,768131,845116,1776997,1834887,1555828,1561160,1219181,1345658
43,RS,Rio Grande do Sul,Cf,Sul,2009,10965071,751616,832293,1767020,1833177,1568044,1560657,1254910,1397354
43,RS,Rio Grande do Sul,Cf,Sul,2010,11019030,736518,819186,1752751,1826644,1586604,1555273,1290434,1451620
43,RS,Rio Grande do Sul,Cf,Sul,2011,11069861,722801,797873,1743324,1814992,1611569,1545440,1325352,1508510
43,RS,Rio Grande do Sul,Cf,Sul,2012,11118261,710420,778327,1729546,1797580,1643570,1531232,1359603,1567983
43,RS,Rio Grande do Sul,Cf,Sul,2013,11164043,699242,760407,1711820,1777150,1678456,1515418,1391650,1629900
43,RS,Rio Grande do Sul,Cf,Sul,2014,11207274,689091,744050,1690607,1757987,1710085,1502034,1419270,1694150
43,RS,Rio Grande do Sul,Cf,Sul,2015,11247972,679752,729169,1666467,1742685,1734440,1493791,1441082,1760586
43,RS,Rio Grande do Sul,Cf,Sul,2016,11286500,671105,715689,1640070,1730658,1752106,1490412,1457433,1829027
43,RS,Rio Grande do Sul,Cf,Sul,2017,11322895,663013,703530,1612136,1721862,1762976,1491669,1468556,1899153
43,RS,Rio Grande do Sul,Cf,Sul,2018,11356804,655263,692557,1583438,1714419,1767348,1498317,1474512,1970950
43,RS,Rio Grande do Sul,Cf,Sul,2019,11388156,647708,682595,1554892,1705286,1766395,1511186,1475497,2044597
43,RS,Rio Grande do Sul,Cf,Sul,2020,11416895,640270,673429,1527613,1692124,1761087,1530384,1472006,2119982
43,RS,Rio Grande do Sul,Cf,Sul,2021,11442766,632849,664921,1493531,1683824,1750799,1555784,1464309,2196749
43,RS,Rio Grande do Sul,Cf,Sul,2022,11465705,625353,656935,1462443,1671174,1734682,1587914,1452369,2274835
43,RS,Rio Grande do Sul,Cf,Sul,2023,11485875,617781,649287,1434129,1654686,1715563,1622848,1438868,2352713
43,RS,Rio Grande do Sul,Cf,Sul,2024,11503184,610131,641835,1408348,1634812,1697649,1654577,1427652,2428180
43,RS,Rio Grande do Sul,Cf,Sul,2025,11517560,602425,634497,1384791,1612098,1683501,1679180,1421293,2499775
43,RS,Rio Grande do Sul,Cf,Sul,2026,11528820,594659,627170,1363215,1587114,1672443,1697152,1419478,2567589
43,RS,Rio Grande do Sul,Cf,Sul,2027,11536938,586853,619767,1343426,1560571,1664449,1708373,1421971,2631528
43,RS,Rio Grande do Sul,Cf,Sul,2028,11542054,579062,612286,1325122,1533291,1657803,1713237,1429567,2691686
43,RS,Rio Grande do Sul,Cf,Sul,2029,11544082,571304,604729,1307997,1506152,1649508,1712909,1443082,2748401
43,RS,Rio Grande do Sul,Cf,Sul,2030,11542948,563562,597117,1291762,1480249,1637255,1708343,1462633,2802027
50,MS,Mato Grosso do Sul,Aw,Centro-oeste,2000,2125821,215522,224577,439300,378054,327589,239404,145473,155902
50,MS,Mato Grosso do Sul,Aw,Centro-oeste,2001,2163050,215735,224985,441845,386066,332881,249262,151631,160645
50,MS,Mato Grosso do Sul,Aw,Centro-oeste,2002,2200183,216221,224675,443387,394824,337600,259335,158428,165713
50,MS,Mato Grosso do Sul,Aw,Centro-oeste,2003,2237147,217221,223470,444279,403871,342019,269370,165777,171140
50,MS,Mato Grosso do Sul,Aw,Centro-oeste,2004,2273874,218985,221195,445087,412518,346544,279009,173530,177006
50,MS,Mato Grosso do Sul,Aw,Centro-oeste,2005,2310307,221895,217590,446104,420296,351451,288013,181589,183369
50,MS,Mato Grosso do Sul,Aw,Centro-oeste,2006,2346398,220955,217788,447180,427202,356705,296387,189948,190233
50,MS,Mato Grosso do Sul,Aw,Centro-oeste,2007,2382080,219862,218268,448254,433151,362263,304110,198559,197613
50,MS,Mato Grosso do Sul,Aw,Centro-oeste,2008,2417300,218606,219270,448827,438161,368279,311180,207432,205545
50,MS,Mato Grosso do Sul,Aw,Centro-oeste,2009,2452039,217219,221037,448157,442335,374971,317622,216607,214091
50,MS,Mato Grosso do Sul,Aw,Centro-oeste,2010,2486257,215715,223950,445576,445754,382410,323500,226068,223284
50,MS,Mato Grosso do Sul,Aw,Centro-oeste,2011,2520305,214124,223040,446245,448407,390645,328883,235782,233179
50,MS,Mato Grosso do Sul,Aw,Centro-oeste,2012,2554130,212450,221992,446538,450117,399712,333781,245728,243812
50,MS,Mato Grosso do Sul,Aw,Centro-oeste,2013,2587269,210672,220761,446457,451149,409075,338401,255637,255117
50,MS,Mato Grosso do Sul,Aw,Centro-oeste,2014,2619657,208767,219383,446065,452065,418025,343135,265160,267057
50,MS,Mato Grosso do Sul,Aw,Centro-oeste,2015,2651235,206704,217876,445482,453161,426098,348256,274067,279591
50,MS,Mato Grosso do Sul,Aw,Centro-oeste,2016,2682386,204543,216286,444896,454380,433350,353781,282398,292752
50,MS,Mato Grosso do Sul,Aw,Centro-oeste,2017,2713147,202359,214617,444482,455665,439685,359674,290141,306524
50,MS,Mato Grosso do Sul,Aw,Centro-oeste,2018,2743142,200173,212834,444407,456439,445050,366039,297282,320918
50,MS,Mato Grosso do Sul,Aw,Centro-oeste,2019,2772343,198012,210916,444945,455961,449552,373086,303832,336039
50,MS,Mato Grosso do Sul,Aw,Centro-oeste,2020,2800704,195897,208836,446471,453569,453277,380884,309875,351895
50,MS,Mato Grosso do Sul,Aw,Centro-oeste,2021,2827912,193810,206612,443993,454264,456062,389353,315382,368436
50,MS,Mato Grosso do Sul,Aw,Centro-oeste,2022,2853969,191712,204339,441179,454453,457735,398500,320366,385685
50,MS,Mato Grosso do Sul,Aw,Centro-oeste,2023,2879162,189612,202067,438059,454280,458717,407920,325098,403409
50,MS,Mato Grosso do Sul,Aw,Centro-oeste,2024,2903465,187520,199826,434651,453813,459566,416918,329942,421229
50,MS,Mato Grosso do Sul,Aw,Centro-oeste,2025,2926854,185459,197637,430940,453157,460583,425027,335150,438901
50,MS,Mato Grosso do Sul,Aw,Centro-oeste,2026,2949104,183413,195471,426960,452393,461574,432193,340679,456421
50,MS,Mato Grosso do Sul,Aw,Centro-oeste,2027,2970213,181380,193293,422802,451692,462490,438323,346478,473755
50,MS,Mato Grosso do Sul,Aw,Centro-oeste,2028,2990397,179374,191115,418530,451323,462899,443467,352720,490969
50,MS,Mato Grosso do Sul,Aw,Centro-oeste,2029,3009638,177401,188949,414157,451551,462064,447740,359612,508164
50,MS,Mato Grosso do Sul,Aw,Centro-oeste,2030,3027926,175460,186820,409676,452753,459342,451232,367224,525419
51,MT,Mato Grosso,Aw,Centro-oeste,2000,2560993,267981,279274,550290,486143,402812,274619,157300,142574
51,MT,Mato Grosso,Aw,Centro-oeste,2001,2611854,269069,279131,553943,496292,412088,287773,164994,148564
51,MT,Mato Grosso,Aw,Centro-oeste,2002,2662431,270488,278255,556599,506901,420769,301162,173305,154952
51,MT,Mato Grosso,Aw,Centro-oeste,2003,2712685,272470,276498,558475,517606,429065,314574,182239,161758
51,MT,Mato Grosso,Aw,Centro-oeste,2004,2762537,275238,273703,559926,527842,437286,327719,191795,169028
51,MT,Mato Grosso,Aw,Centro-oeste,2005,2811904,279159,269606,561126,537234,445643,340391,201961,176784
51,MT,Mato Grosso,Aw,Centro-oeste,2006,2860741,277887,270693,561989,545668,454148,352572,212698,185086
51,MT,Mato Grosso,Aw,Centro-oeste,2007,2908961,276420,272130,562480,552957,462814,364230,223964,193966
51,MT,Mato Grosso,Aw,Centro-oeste,2008,2956496,274731,274139,562202,559166,471762,375312,235709,203475
51,MT,Mato Grosso,Aw,Centro-oeste,2009,3003310,272853,276937,560560,564487,481156,385783,247858,213676
51,MT,Mato Grosso,Aw,Centro-oeste,2010,3049348,270814,280882,556976,569028,491060,395631,260346,224611
51,MT,Mato Grosso,Aw,Centro-oeste,2011,3094547,268633,279628,557905,572660,501416,404895,273099,236311
51,MT,Mato Grosso,Aw,Centro-oeste,2012,3138822,266324,278166,558425,575224,512214,413593,286083,248793
51,MT,Mato Grosso,Aw,Centro-oeste,2013,3182113,263892,276468,558619,576949,523079,421926,299089,262091
51,MT,Mato Grosso,Aw,Centro-oeste,2014,3224357,261321,274568,558548,578200,533449,430184,311841,276246
51,MT,Mato Grosso,Aw,Centro-oeste,2015,3265486,258579,272491,558316,579153,542937,438588,324150,291272
51,MT,Mato Grosso,Aw,Centro-oeste,2016,3305531,255724,270268,558064,579721,551428,447144,336000,307182
51,MT,Mato Grosso,Aw,Centro-oeste,2017,3344544,252844,267922,557955,579886,558728,455870,347369,323970
51,MT,Mato Grosso,Aw,Centro-oeste,2018,3382487,249971,265450,558180,579262,564911,464875,358200,341638
51,MT,Mato Grosso,Aw,Centro-oeste,2019,3419350,247140,262831,558985,577269,570165,474323,368463,360174
51,MT,Mato Grosso,Aw,Centro-oeste,2020,3455092,244387,260043,560746,573340,574599,484278,378149,379550
51,MT,Mato Grosso,Aw,Centro-oeste,2021,3489729,241705,257143,557166,573915,578097,494675,387290,399738
51,MT,Mato Grosso,Aw,Centro-oeste,2022,3523288,239077,254216,553220,574117,580530,505499,395907,420722
51,MT,Mato Grosso,Aw,Centro-oeste,2023,3555738,236513,251297,548888,574031,582116,516370,404190,442333
51,MT,Mato Grosso,Aw,Centro-oeste,2024,3587069,234015,248423,544191,573709,583223,526740,412409,464359
51,MT,Mato Grosso,Aw,Centro-oeste,2025,3617251,231589,245625,539129,573257,584023,536225,420768,486635
51,MT,Mato Grosso,Aw,Centro-oeste,2026,3646277,229216,242897,533807,572790,584433,544714,429273,509147
51,MT,Mato Grosso,Aw,Centro-oeste,2027,3674131,226860,240229,528324,572452,584437,552015,437945,531869
51,MT,Mato Grosso,Aw,Centro-oeste,2028,3700794,224528,237626,522718,572426,583666,558195,446885,554750
51,MT,Mato Grosso,Aw,Centro-oeste,2029,3726248,222222,235089,517013,572935,581554,563445,456253,577737
51,MT,Mato Grosso,Aw,Centro-oeste,2030,3750469,219951,232625,511212,574336,577558,567886,466101,600800
52,GO,Goiás,Aw,Centro-oeste,2000,5075596,501257,501425,1024190,972031,810268,567279,348743,350403
52,GO,Goiás,Aw,Centro-oeste,2001,5193467,507934,506048,1030395,994934,831421,592689,364902,365144
52,GO,Goiás,Aw,Centro-oeste,2002,5309216,512513,510330,1035513,1018412,851127,618720,382411,380190
52,GO,Goiás,Aw,Centro-oeste,2003,5422815,515229,514056,1040168,1041502,869989,645065,401065,395741
52,GO,Goiás,Aw,Centro-oeste,2004,5534201,516346,516981,1045215,1062735,888975,671297,420536,412116
52,GO,Goiás,Aw,Centro-oeste,2005,5643344,516410,518661,1051140,1081217,908694,697095,440608,429519
52,GO,Goiás,Aw,Centro-oeste,2006,5750254,509539,525164,1057996,1096730,929086,722449,461281,448009
52,GO,Goiás,Aw,Centro-oeste,2007,5854898,502853,529568,1066001,1108749,950208,747364,482470,467685
52,GO,Goiás,Aw,Centro-oeste,2008,5957260,496379,532077,1074483,1118025,971981,771511,504257,488547
52,GO,Goiás,Aw,Centro-oeste,2009,6057367,490199,532942,1082294,1125867,994216,794449,526830,510570
52,GO,Goiás,Aw,Centro-oeste,2010,6155266,484368,532704,1088362,1133207,1016683,815952,550239,533751
52,GO,Goiás,Aw,Centro-oeste,2011,6250462,478880,525444,1098817,1139487,1039326,836020,574307,558181
52,GO,Goiás,Aw,Centro-oeste,2012,6343136,473769,518295,1106769,1144392,1062386,854619,598941,583965
52,GO,Goiás,Aw,Centro-oeste,2013,6434048,469094,511365,1112286,1148752,1085045,872489,623905,611112
52,GO,Goiás,Aw,Centro-oeste,2014,6523222,464826,504740,1115395,1153444,1105814,890589,648795,639619
52,GO,Goiás,Aw,Centro-oeste,2015,6610681,460912,498487,1116209,1158968,1123795,909530,673303,669477
52,GO,Goiás,Aw,Centro-oeste,2016,6695855,457302,492609,1114871,1165217,1138588,929155,697400,700713
52,GO,Goiás,Aw,Centro-oeste,2017,6778772,454001,487133,1111538,1172466,1149697,949517,721084,733336
52,GO,Goiás,Aw,Centro-oeste,2018,6860047,451005,482103,1106457,1180252,1158032,970643,744100,767455
52,GO,Goiás,Aw,Centro-oeste,2019,6939629,448263,477491,1099928,1187462,1164901,992335,766038,803211
52,GO,Goiás,Aw,Centro-oeste,2020,7017496,445741,473242,1092524,1193045,1171245,1014364,786685,840650
52,GO,Goiás,Aw,Centro-oeste,2021,7094285,443434,469405,1078473,1203341,1176862,1036886,806157,879727
52,GO,Goiás,Aw,Centro-oeste,2022,7170021,441312,465993,1064911,1211402,1181474,1060078,824414,920437
52,GO,Goiás,Aw,Centro-oeste,2023,7243974,439308,462898,1051895,1216997,1185574,1082830,842012,962460
52,GO,Goiás,Aw,Centro-oeste,2024,7316094,437406,460068,1039539,1220089,1190051,1103670,859863,1005408
52,GO,Goiás,Aw,Centro-oeste,2025,7386343,435590,457469,1027902,1220733,1195407,1121703,878561,1048978
52,GO,Goiás,Aw,Centro-oeste,2026,7455181,433854,455080,1017123,1219163,1201859,1136787,898081,1093234
52,GO,Goiás,Aw,Centro-oeste,2027,7522592,432171,452868,1007259,1215468,1209670,1148462,918497,1138197
52,GO,Goiás,Aw,Centro-oeste,2028,7588003,430504,450777,998215,1209704,1218095,1157377,939697,1183634
52,GO,Goiás,Aw,Centro-oeste,2029,7651361,428838,448795,989906,1202187,1226040,1164834,961465,1229296
52,GO,Goiás,Aw,Centro-oeste,2030,7712596,427150,446904,982255,1193482,1232452,1171766,983566,1275021
53,DF,Distrito Federal,Aw,Centro-oeste,2000,2108798,215131,200846,420415,450563,348262,233458,131424,108699
53,DF,Distrito Federal,Aw,Centro-oeste,2001,2148606,214664,204022,418735,459137,357757,241833,138907,113551
53,DF,Distrito Federal,Aw,Centro-oeste,2002,2190118,213319,206978,417402,468460,367324,250554,147228,118853
53,DF,Distrito Federal,Aw,Centro-oeste,2003,2233473,211354,209424,416946,477938,377235,259662,156127,124787
53,DF,Distrito Federal,Aw,Centro-oeste,2004,2278824,209113,211066,418046,486658,387930,269183,165198,131630
53,DF,Distrito Federal,Aw,Centro-oeste,2005,2326355,207038,211591,421060,494142,399635,279145,174205,139539
53,DF,Distrito Federal,Aw,Centro-oeste,2006,2376239,205369,211004,426106,500194,412221,289720,183128,148497
53,DF,Distrito Federal,Aw,Centro-oeste,2007,2428637,204139,209551,433397,504297,425747,301110,191870,158526
53,DF,Distrito Federal,Aw,Centro-oeste,2008,2483669,203358,207483,441996,507447,439949,313206,200607,169623
53,DF,Distrito Federal,Aw,Centro-oeste,2009,2541434,203017,205143,450415,511300,454365,325800,209613,181781
53,DF,Distrito Federal,Aw,Centro-oeste,2010,2602074,203106,202969,457431,517044,468678,338770,219082,194994
53,DF,Distrito Federal,Aw,Centro-oeste,2011,2664444,203614,201245,462768,523442,483226,351986,228968,209195
53,DF,Distrito Federal,Aw,Centro-oeste,2012,2727098,204498,200017,466357,529279,498235,365176,239232,224304
53,DF,Distrito Federal,Aw,Centro-oeste,2013,2789761,205671,199273,468166,535111,512954,378490,249888,240208
53,DF,Distrito Federal,Aw,Centro-oeste,2014,2852372,207031,198990,468307,541661,526377,392306,260925,256775
53,DF,Distrito Federal,Aw,Centro-oeste,2015,2914830,208455,199154,466970,549255,537954,406793,272346,273903
53,DF,Distrito Federal,Aw,Centro-oeste,2016,2977216,209853,199738,464496,557989,547505,421801,284283,291551
53,DF,Distrito Federal,Aw,Centro-oeste,2017,3039444,211170,200696,461235,568055,554432,437377,296850,309629
53,DF,Distrito Federal,Aw,Centro-oeste,2018,3101220,212361,201937,457529,578417,559633,453221,309863,328259
53,DF,Distrito Federal,Aw,Centro-oeste,2019,3162452,213411,203356,453825,587525,564719,468863,323088,347665
53,DF,Distrito Federal,Aw,Centro-oeste,2020,3223048,214323,204834,450663,594106,570790,483968,336382,367982
53,DF,Distrito Federal,Aw,Centro-oeste,2021,3282791,215095,206266,448360,598185,576952,498989,349702,389242
53,DF,Distrito Federal,Aw,Centro-oeste,2022,3341579,215719,207602,446915,600029,582513,514338,362937,411526
53,DF,Distrito Federal,Aw,Centro-oeste,2023,3399501,216207,208817,446286,599689,588091,529337,376299,434775
53,DF,Distrito Federal,Aw,Centro-oeste,2024,3456467,216560,209894,446364,597310,594385,542963,390157,458834
53,DF,Distrito Federal,Aw,Centro-oeste,2025,3512409,216768,210839,447005,593146,601713,554664,404672,483602
53,DF,Distrito Federal,Aw,Centro-oeste,2026,3567130,216818,211651,448056,587572,610073,564186,419648,509126
53,DF,Distrito Federal,Aw,Centro-oeste,2027,3620581,216721,212312,449409,581040,619620,570962,435121,535396
53,DF,Distrito Federal,Aw,Centro-oeste,2028,3672828,216499,212843,450950,574012,629348,575958,450836,562382
53,DF,Distrito Federal,Aw,Centro-oeste,2029,3723789,216143,213236,452551,567011,637675,580787,466324,590062
53,DF,Distrito Federal,Aw,Centro-oeste,2030,3773409,215633,213497,454090,560638,643307,586550,481262,618432
AfAmN,,Região 1,,,2000,12084500,1610820,1540774,2841264,2221313,1582423,1063536,610593,613777
AfAmN,,Região 1,,,2001,12366847,1623944,1560536,2872124,2297003,1633598,1109957,638649,631036
AfAmN,,Região 1,,,2002,12648545,1635208,1577918,2897397,2375734,1685913,1156403,669650,650322
AfAmN,,Região 1,,,2003,12928925,1645206,1592027,2920022,2454318,1739743,1202792,703376,671441
AfAmN,,Região 1,,,2004,13207009,1654508,1601826,2944411,2528010,1795550,1249095,739408,694201
AfAmN,,Região 1,,,2005,13481984,1664800,1605420,2973102,2593753,1853638,1295350,777411,718510
AfAmN,,Região 1,,,2006,13753108,1660766,1618211,3005166,2651830,1913772,1341513,817322,744528
AfAmN,,Região 1,,,2007,14019716,1653803,1629138,3040325,2701976,1975536,1387521,859104,772313
AfAmN,,Região 1,,,2008,14281214,1643920,1638777,3075821,2744940,2039459,1433739,902196,802362
AfAmN,,Região 1,,,2009,14537180,1631604,1647678,3107116,2782399,2106406,1480723,945844,835410
AfAmN,,Região 1,,,2010,14787309,1617350,1657540,3129930,2815612,2176533,1528874,989572,871898
AfAmN,,Região 1,,,2011,15031856,1601647,1653158,3160075,2844128,2249491,1578166,1033413,911778
AfAmN,,Região 1,,,2012,15271191,1584958,1645955,3186363,2867301,2325527,1628613,1077385,955089
AfAmN,,Região 1,,,2013,15505320,1567642,1635965,3208489,2888081,2401590,1680607,1121373,1001573
AfAmN,,Região 1,,,2014,15734147,1549863,1623667,3225997,2910825,2473064,1734612,1165353,1050766
AfAmN,,Região 1,,,2015,15957510,1531674,1609534,3238683,2938026,2536972,1790898,1209352,1102371
AfAmN,,Região 1,,,2016,16174881,1512817,1593995,3246627,2968783,2593543,1849267,1253326,1156523
AfAmN,,Região 1,,,2017,16386007,1493183,1577472,3250125,3002861,2642533,1909321,1297238,1213274
AfAmN,,Região 1,,,2018,16591133,1473061,1560307,3249744,3037600,2684751,1971623,1341439,1272608
AfAmN,,Região 1,,,2019,16790362,1452644,1542685,3246482,3068618,2721832,2037052,1386490,1334559
AfAmN,,Região 1,,,2020,16983719,1432145,1524654,3242466,3091737,2755032,2105786,1432791,1399108
AfAmN,,Região 1,,,2021,17171479,1412114,1505974,3223007,3122430,2783847,2177487,1480308,1466312
AfAmN,,Região 1,,,2022,17353791,1392955,1486552,3199790,3149372,2807543,2252288,1529035,1536256
AfAmN,,Região 1,,,2023,17530579,1374635,1466628,3173137,3172234,2828891,2327138,1579302,1608614
AfAmN,,Região 1,,,2024,17701917,1357175,1446405,3143697,3190529,2852158,2397538,1631513,1682902
AfAmN,,Região 1,,,2025,17867860,1340599,1426088,3111998,3204050,2879774,2460576,1685918,1758857
AfAmN,,Região 1,,,2026,18028695,1324902,1406236,3078244,3212899,2910940,2516544,1742343,1836587
AfAmN,,Região 1,,,2027,18184532,1310055,1387268,3042764,3217333,2945424,2565207,1800406,1916075
AfAmN,,Região 1,,,2028,18335248,1296038,1369128,3006161,3217837,2980566,2607276,1860626,1997616
AfAmN,,Região 1,,,2029,18480876,1282823,1351835,2968803,3215365,3012103,2644365,1923850,2081732
AfAmN,,Região 1,,,2030,18621379,1270318,1335422,2930938,3212004,3035943,2677723,1990279,2168752
AsBSh,,Região 2,,,2000,58270295,5971791,5946247,12292586,10243837,8352242,6266966,4151531,5045095
AsBSh,,Região 2,,,2001,58980529,5958753,5927399,12225476,10494195,8471775,6459694,4296280,5146957
AsBSh,,Região 2,,,2002,59673728,5931441,5914068,12124059,10761844,8578867,6658750,4453466,5251233
AsBSh,,Região 2,,,2003,60349280,5888290,5906367,12004568,11026378,8683174,6859218,4619335,5361950
AsBSh,,Região 2,,,2004,61006354,5828260,5903456,11890569,11257656,8798959,7053682,4788364,5485408
AsBSh,,Região 2,,,2005,61644159,5754662,5900085,11797993,11436021,8935442,7237419,4957213,5625324
AsBSh,,Região 2,,,2006,62262082,5668721,5893837,11725184,11566322,9089313,7411352,5125890,5781463
AsBSh,,Região 2,,,2007,62859710,5580713,5873557,11673195,11651237,9257186,7576169,5293066,5954587
AsBSh,,Região 2,,,2008,63436873,5491271,5837571,11639802,11691621,9441829,7730648,5461420,6142711
AsBSh,,Região 2,,,2009,63993775,5401499,5784769,11617665,11691567,9646677,7873403,5635557,6342638
AsBSh,,Região 2,,,2010,64530774,5312664,5718369,11597951,11655428,9871535,8004643,5817794,6552390
AsBSh,,Região 2,,,2011,65047978,5225173,5639096,11580510,11585828,10113137,8124816,6006457,6772961
AsBSh,,Região 2,,,2012,65545882,5139321,5556679,11554599,11484555,10371697,8233051,6201202,7004778
AsBSh,,Região 2,,,2013,66025547,5056067,5471656,11518453,11367349,10627746,8338771,6397428,7248077
AsBSh,,Região 2,,,2014,66487572,4976173,5384971,11469854,11257032,10852168,8455746,6588103,7503525
AsBSh,,Região 2,,,2015,66932513,4900246,5297632,11406464,11169105,11025993,8592858,6768730,7771485
AsBSh,,Região 2,,,2016,67360182,4828195,5210821,11326671,11101882,11153952,8746874,6940110,8051677
AsBSh,,Região 2,,,2017,67770757,4759833,5125583,11229393,11056163,11238726,8914537,7102908,8343614
AsBSh,,Região 2,,,2018,68164934,4694916,5042889,11113448,11029667,11281354,9098625,7256053,8647982
AsBSh,,Região 2,,,2019,68542978,4633111,4963509,10978610,11015049,11285907,9302490,7398305,8965997
AsBSh,,Região 2,,,2020,68905063,4574062,4888049,10828994,11003461,11256722,9525958,7529923,9297894
AsBSh,,Região 2,,,2021,69251828,4517570,4816492,10667026,10994406,11195814,9765981,7651420,9643119
AsBSh,,Região 2,,,2022,69583098,4463294,4748645,10503727,10977095,11103973,10022667,7761958,10001739
AsBSh,,Região 2,,,2023,69898043,4410687,4684203,10340409,10949751,10996289,10276912,7870261,10369531
AsBSh,,Região 2,,,2024,70196415,4359375,4622828,10178707,10910275,10894988,10500447,7989286,10740509
AsBSh,,Região 2,,,2025,70478157,4309150,4564193,10020186,10856446,10815243,10674827,8127419,11110693
AsBSh,,Região 2,,,2026,70743643,4259955,4508091,9865989,10786888,10755691,10804800,8281699,11480530
AsBSh,,Região 2,,,2027,70992637,4211854,4454184,9716955,10700517,10717129,10892883,8449036,11850079
AsBSh,,Região 2,,,2028,71224438,4164925,4401924,9573717,10595948,10697212,10939923,8631953,12218836
AsBSh,,Região 2,,,2029,71438827,4119137,4350936,9436720,10472907,10688803,10949969,8833604,12586751
AsBSh,,Região 2,,,2030,71635541,4074314,4301014,9306216,10335330,10683268,10927273,9053839,12954287
Aw,,Região 3,,,2000,21729723,2389325,2370102,4867642,3968110,3097082,2198358,1371956,1467148
Aw,,Região 3,,,2001,22119818,2412627,2365971,4868351,4089118,3166533,2281766,1426161,1509291
Aw,,Região 3,,,2002,22508254,2432871,2364966,4854384,4217282,3232194,2366839,1485830,1553888
Aw,,Região 3,,,2003,22894255,2448476,2367729,4831100,4345497,3297427,2452644,1550025,1601357
Aw,,Região 3,,,2004,23276896,2457734,2374607,4806368,4463182,3367322,2537861,1617197,1652625
Aw,,Região 3,,,2005,23655208,2460357,2384324,4785853,4563304,3445150,2621584,1686364,1708272
Aw,,Região 3,,,2006,24028437,2444261,2407593,4769763,4647057,3529640,2704121,1757495,1768507
Aw,,Região 3,,,2007,24395883,2424648,2427885,4759170,4714838,3619580,2785926,1830278,1833558
Aw,,Região 3,,,2008,24757009,2401636,2443604,4754899,4766103,3716127,2866067,1904866,1903707
Aw,,Região 3,,,2009,25111429,2375736,2453054,4756478,4801249,3820762,2943169,1981667,1979314
Aw,,Região 3,,,2010,25458871,2347639,2455945,4762370,4821257,3933535,3016753,2060806,2060566
Aw,,Região 3,,,2011,25798010,2317863,2440194,4783820,4826776,4053115,3086964,2141888,2147390
Aw,,Região 3,,,2012,26127960,2286899,2420953,4804679,4818135,4179378,3153412,2224723,2239781
Aw,,Região 3,,,2013,26449060,2255358,2398308,4824017,4800618,4305508,3219391,2308442,2337418
Aw,,Região 3,,,2014,26761328,2223776,2372692,4840526,4781794,4421189,3289764,2391721,2439866
Aw,,Região 3,,,2015,27064861,2192681,2344697,4852732,4766959,4519631,3367691,2473667,2546803
Aw,,Região 3,,,2016,27359337,2162325,2314977,4859390,4755961,4601968,3451852,2554512,2658352
Aw,,Região 3,,,2017,27644815,2132936,2284117,4859268,4749707,4668649,3541121,2634604,2774413
Aw,,Região 3,,,2018,27921787,2104761,2252669,4851036,4748801,4719390,3636695,2713065,2895370
Aw,,Região 3,,,2019,28190394,2077872,2221163,4833628,4752529,4754703,3740011,2788587,3021901
Aw,,Região 3,,,2020,28450703,2052210,2190132,4807486,4759210,4775543,3851141,2860708,3154273
Aw,,Região 3,,,2021,28703248,2027828,2159908,4761286,4780394,4782684,3969035,2929722,3292391
Aw,,Região 3,,,2022,28948053,2004652,2130737,4710616,4800303,4776416,4093538,2995380,3436411
Aw,,Região 3,,,2023,29184532,1982341,2102795,4656080,4818063,4761539,4217837,3060700,3585177
Aw,,Região 3,,,2024,29412592,1960667,2076138,4598668,4832570,4745363,4331923,3130248,3737015
Aw,,Região 3,,,2025,29632232,1939478,2050705,4539488,4842614,4732969,4429196,3207000,3890782
Aw,,Região 3,,,2026,29843873,1918724,2026536,4479562,4847207,4724367,4510918,3289782,4046777
Aw,,Região 3,,,2027,30047542,1898396,2003554,4419699,4845232,4720349,4577546,3377550,4205216
Aw,,Região 3,,,2028,30242743,1878533,1981440,4360590,4835407,4721220,4628657,3471317,4365579
Aw,,Região 3,,,2029,30429415,1859178,1959959,4302781,4816778,4726219,4664858,3572379,4527263
Aw,,Região 3,,,2030,30607569,1840337,1938979,4246720,4789757,4733747,4687169,3680770,4690090
BR,,Brasil,,,2000,173448346,17314510,17273758,35616351,30815410,25933988,19707919,12550679,14235731
BR,,Brasil,,,2001,175885229,17333637,17252925,35522302,31490857,26271621,20348754,13056649,14608484
BR,,Brasil,,,2002,178276128,17309347,17241043,35335966,32221743,26573155,20991951,13605405,14997518
BR,,Brasil,,,2003,180619108,17240518,17236778,35098271,32955624,26865008,21624936,14186136,15411837
BR,,Brasil,,,2004,182911487,17126610,17237068,34868905,33614785,27185879,22229587,14782930,15865723
BR,,Brasil,,,2005,185150806,16975813,17230352,34687521,34148588,27560859,22794503,15385289,16367881
BR,,Brasil,,,2006,187335137,16748883,17254039,34552489,34563265,27984156,23321778,15991885,16918642
BR,,Brasil,,,2007,189462755,16518269,17234647,34469715,34857988,28450459,23813086,16598491,17520100
BR,,Brasil,,,2008,191532439,16284481,17170904,34428826,35038056,28965759,24267264,17206992,18170157
BR,,Brasil,,,2009,193543969,16049820,17062172,34404812,35119421,29536642,24683665,17822490,18864947
BR,,Brasil,,,2010,195497797,15816957,16916587,34372834,35116660,30161388,25065005,18446512,19601854
BR,,Brasil,,,2011,197397018,15587805,16695060,34378112,35028394,30836584,25413209,19075145,20382709
BR,,Brasil,,,2012,199242462,15363958,16469622,34350050,34850594,31566134,25726603,19707179,21208322
BR,,Brasil,,,2013,201032714,15147056,16240430,34285553,34622971,32298433,26030557,20330396,22077318
BR,,Brasil,,,2014,202768562,14938133,16009509,34180860,34404196,32957427,26362474,20927345,22988618
BR,,Brasil,,,2015,204450649,14737740,15779109,34032443,34233231,33493662,26746623,21486956,23940885
BR,,Brasil,,,2016,206081432,14545488,15551873,33838608,34109255,33913740,27177692,22011315,24933461
BR,,Brasil,,,2017,207660929,14360778,15329961,33598025,34038050,34216865,27650731,22501900,25964619
BR,,Brasil,,,2018,209186802,14182966,15114823,33309377,34008604,34408072,28171378,22957419,27034163
BR,,Brasil,,,2019,210659013,14011332,14907522,32974096,33996173,34503246,28746122,23377297,28143225
BR,,Brasil,,,2020,212077375,13845258,14708594,32602483,33976082,34516847,29373328,23764121,29290662
BR,,Brasil,,,2021,213440458,13684541,14517525,32157805,33991839,34445992,30049155,24119310,30474291
BR,,Brasil,,,2022,214747509,13528622,14333818,31713819,33973086,34285952,30777186,24441265,31693761
BR,,Brasil,,,2023,215998724,13376432,14156987,31272742,33917656,34076454,31507558,24754298,32936597
BR,,Brasil,,,2024,217193093,13227251,13986325,30837664,33821863,33874958,32166098,25093849,34185085
BR,,Brasil,,,2025,218330014,13080689,13821219,30411353,33682287,33719732,32704479,25482966,35427289
BR,,Brasil,,,2026,219408552,12936538,13661389,29995707,33496736,33609432,33128599,25916341,36663810
BR,,Brasil,,,2027,220428030,12794993,13506269,29592399,33263985,33549712,33437424,26389242,37894006
BR,,Brasil,,,2028,221388185,12656486,13354843,29202660,32983333,33530482,33636422,26907285,39116674
BR,,Brasil,,,2029,222288169,12521067,13206388,28826804,32656285,33527387,33741446,27476599,40332193
BR,,Brasil,,,2030,223126917,12388311,13060538,28464742,32292971,33516110,33766852,28095630,41541763
Cf,,Região 4,,,2000,81363827,7342574,7416635,15614859,14382150,12902241,10179059,6416599,7109710
Cf,,Região 4,,,2001,82418035,7338313,7399019,15556351,14610541,12999715,10497337,6695559,7321200
Cf,,Região 4,,,2002,83445601,7309827,7384091,15460126,14866883,13076181,10809959,6996459,7542075
Cf,,Região 4,,,2003,84446648,7258546,7370655,15342581,15129431,13144664,11110282,7313400,7777089
Cf,,Região 4,,,2004,85421228,7186108,7357179,15227557,15365937,13224048,11388949,7637961,8033489
Cf,,Região 4,,,2005,86369455,7095994,7340523,15130573,15555510,13326629,11640150,7964301,8315775
Cf,,Região 4,,,2006,87291510,6975135,7334398,15052376,15698056,13451431,11864792,8291178,8624144
Cf,,Região 4,,,2007,88187446,6859105,7304067,14997025,15789937,13598157,12063470,8616043,8959642
Cf,,Região 4,,,2008,89057343,6747654,7250952,14958304,15835392,13768344,12236810,8938510,9321377
Cf,,Região 4,,,2009,89901585,6640981,7176671,14923553,15844206,13962797,12386370,9259422,9707585
Cf,,Região 4,,,2010,90720843,6539304,7084733,14882583,15824363,14179785,12514735,9578340,10117000
Cf,,Região 4,,,2011,91519174,6443122,6962612,14853707,15771662,14420841,12623263,9893387,10550580
Cf,,Região 4,,,2012,92297429,6352780,6846035,14804409,15680603,14689532,12711527,10203869,11008674
Cf,,Região 4,,,2013,93052787,6267989,6734501,14734594,15566923,14963589,12791788,10503153,11490250
Cf,,Região 4,,,2014,93785515,6188321,6628179,14644483,15454545,15211006,12882352,10782168,11994461
Cf,,Região 4,,,2015,94495765,6113139,6527246,14534564,15359141,15411066,12995176,11035207,12520226
Cf,,Região 4,,,2016,95187032,6042151,6432080,14405920,15282629,15564277,13129699,11263367,13066909
Cf,,Região 4,,,2017,95859350,5974826,6342789,14259239,15229319,15666957,13285752,11467150,13633318
Cf,,Região 4,,,2018,96508948,5910228,6258958,14095149,15192536,15722577,13464435,11646862,14218203
Cf,,Região 4,,,2019,97135279,5847705,6180165,13915376,15159977,15740804,13666569,11803915,14820768
Cf,,Região 4,,,2020,97737890,5786841,6105759,13723537,15121674,15729550,13890443,11940699,15439387
Cf,,Região 4,,,2021,98313903,5727029,6035151,13506486,15094609,15683647,14136652,12057860,16072469
Cf,,Região 4,,,2022,98862567,5667721,5967884,13299686,15046316,15598020,14408693,12154892,16719355
Cf,,Região 4,,,2023,99385570,5608769,5903361,13103116,14977608,15489735,14685671,12244035,17373275
Cf,,Região 4,,,2024,99882169,5550034,5840954,12916592,14888489,15382449,14936190,12342802,18024659
Cf,,Região 4,,,2025,100351765,5491462,5780233,12739681,14779177,15291746,15139880,12462629,18666957
Cf,,Região 4,,,2026,100792341,5432957,5720526,12571912,14649742,15218434,15296337,12602517,19299916
Cf,,Região 4,,,2027,101203319,5374688,5661263,12412981,14500903,15166810,15401788,12762250,19922636
Cf,,Região 4,,,2028,101585756,5316990,5602351,12262192,14334141,15131484,15460566,12943389,20534643
Cf,,Região 4,,,2029,101939051,5259929,5543658,12118500,14151235,15100262,15482254,13146766,21136447
Cf,,Região 4,,,2030,102262428,5203342,5485123,11980868,13955880,15063152,15474687,13370742,21728634
